Workbook

Sheet Document Summary
A1: SAUCEDEMO BASE TEST CASE WORKBOOK
A2: System | B2: SauceDemo / Swag Labs e-commerce demo system
A3: Primary URL | B3: https://www.saucedemo.com/
A4: Primary Baseline Account | B4: standard_user / secret_sauce
A5: Test Case Architecture | B5: Module sheets define test specifications only. Actual execution outcomes are recorded separately in the Test Execution Log.
A6: Required Test Categories | B6: Unit, Integration, System, UAT
A7: Execution Identity | B7: Each execution is identified by Case ID + Test User + Browser. Only combinations actually executed should be logged.
A8: Browser Coverage Planning | B8: Module sheets specify planned browser coverage using Primary Browser, All Supported Browsers, Representative Cross-Browser, Browser-Specific, or N/A.
A9: User Applicability Planning | B9: Module sheets specify the intended SauceDemo account or user scope without duplicating test cases.
A10: Standard Feature Logic | B10: Relevant standard e-commerce/login expectations may be tested even when absent from the current demo; such cases are explicitly marked in Remarks.
A11: Scope Boundary | B11: Coverage remains tied to login/session, catalog, sorting, product details, cart, checkout, completion, menu/reset, access/session control, footer links, interface/responsiveness, and core workflows.
A12: No Payment Scope Expansion | B12: The workbook does not invent real payment processing because SauceDemo does not provide a payment-entry module.
A13: Committed Test Case Set | B13: 239
A14: Standard Expectation Cases | B14: 17
A15: Execution Status | B15: No execution result is assumed until a row is recorded in Test Execution Log.
A16: Defect Rule | B16: Log only observed and reproducible mismatches between expected and actual behavior.
A17: Prepared By | B17: Bon, Gomez, Quisayang
A20: TEST CATEGORY DEFINITIONS
A21: Unit | B21: Smallest meaningful field, rule, control, calculation, or deterministic behavior tested in isolation.
A22: Integration | B22: Interaction between connected SauceDemo modules, controls, states, or navigation steps.
A23: System | B23: Complete behavior through the running site, including full page behavior, protected navigation, and end-to-end paths.
A24: UAT | B24: Representative-user task acceptance, clarity, and usability.
A27: MODULE CODE LEGEND
A28: LG | B28: Login & Session
A29: PL | B29: Product Listing
A30: PS | B30: Product Sorting
A31: PD | B31: Product Detail
A32: CT | B32: Cart
A33: CI | B33: Checkout Information
A34: CO | B34: Checkout Overview
A35: OC | B35: Order Completion
A36: MN | B36: Menu & Navigation
A37: RS | B37: Reset App State
A38: AC | B38: Access & Session Control
A39: FT | B39: Footer & External Links
... A41: CW | B41: Core Workflows

Sheet Sources & Assumptions
A1: Scope Sources and Assumptions
A3: Type | B3: Source / Reference | C3: How Used | D3: Notes
A4: Live Site | B4: https://www.saucedemo.com/ | C4: Primary execution target and current UI/workflow verification | D4: JavaScript application; final behavior must be confirmed during execution.
A5: Uploaded Workbook | B5: Previous SauceDemo test-case workbook | C5: Provided useful prior module ideas and case wording | D5: Older execution structure was replaced by specification/execution separation.
A6: Uploaded Professor Template | B6: Instructor-provided test-case workbook | C6: Provided useful academic conventions and examples of standard-feature testing | D6: Broken formulas and outdated rows were not copied.
A7: Formatting Reference | B7: Latest Artifact test-case workbook structure | C7: Primary structural and visual reference | D7: Module sheets, testing category column, defect tracking, and linked summary logic were adapted.
A8: Assumption | B8: standard_user is the happy-path baseline | C8: Expected normal system behavior | D8: Special accounts are compared against this baseline where relevant.
A9: Assumption | B9: Special SauceDemo accounts may intentionally expose anomalies | C9: Used for targeted user-specific execution | D9: Exact behavior must be recorded rather than guessed.
A10: Assumption | B10: Standard absent features may be tested when tightly adjacent to the module | C10: Remember Me, Forgot Password, rate limiting, field limits, product search, quantity controls | D10: Cases are explicitly marked in Remarks.
A11: Execution Principle | B11: No Cartesian product is required | C11: Only relevant Case ID + Test User + Browser combinations are executed and logged | D11: The Test Execution Log is evidence of actual execution, not a pre-generated matrix.

Sheet Login & Session - TC
A1: Login & Session Test Cases
A2: Module Code: LG
A3: Case ID | B3: Test Category | C3: Module | D3: Test Case / Scenario | E3: Preconditions | F3: Test Data | G3: Test Steps | H3: Expected Result | I3: Applicable User | J3: Browser Coverage | K3: Remarks | L3: Automation Candidate
A4: LG-0001 | B4: Unit | C4: Login & Session | D4: Username field is visible | E4: Login page open | F4: N/A | G4: 1. Observe login form | H4: Username input is visible and identifiable | I4: N/A | J4: Primary Browser | L4: Yes
A5: LG-0002 | B5: Unit | C5: Login & Session | D5: Password field is visible | E5: Login page open | F5: N/A | G5: 1. Observe login form | H5: Password input is visible and identifiable | I5: N/A | J5: Primary Browser | L5: Yes
A6: LG-0003 | B6: Unit | C6: Login & Session | D6: Login button is visible | E6: Login page open | F6: N/A | G6: 1. Observe login form | H6: Login action is visible | I6: N/A | J6: Primary Browser | L6: Yes
A7: LG-0004 | B7: Unit | C7: Login & Session | D7: Username field is enabled | E7: Login page open | F7: standard_user | G7: 1. Click username 2. Type value | H7: Username field accepts input | I7: N/A | J7: Primary Browser | L7: Yes
A8: LG-0005 | B8: Unit | C8: Login & Session | D8: Password field is enabled | E8: Login page open | F8: secret_sauce | G8: 1. Click password 2. Type value | H8: Password field accepts input | I8: N/A | J8: Primary Browser | L8: Yes
A9: LG-0006 | B9: Unit | C9: Login & Session | D9: Password characters are masked | E9: Login page open | F9: secret_sauce | G9: 1. Enter password 2. Observe characters | H9: Password is visually masked | I9: N/A | J9: Primary Browser | L9: Yes
A10: LG-0007 | B10: Unit | C10: Login & Session | D10: Pressing Enter submits valid credentials | E10: Valid credentials entered | F10: standard_user / secret_sauce | G10: 1. Press Enter | H10: Login submission occurs | I10: N/A | J10: Primary Browser | L10: Yes
A11: LG-0008 | B11: Unit | C11: Login & Session | D11: Pressing Enter with empty fields triggers validation | E11: Login page open | F11: empty | G11: 1. Press Enter | H11: Login is rejected with required-field feedback | I11: N/A | J11: Primary Browser | L11: Yes
A12: LG-0009 | B12: Unit | C12: Login & Session | D12: Reject both credentials empty | E12: Login page open | F12: username=''; password='' | G12: 1. Enter username 2. Enter password 3. Click Login | H12: Username requirement is indicated | I12: N/A | J12: Primary Browser | L12: Yes
A13: LG-0010 | B13: Unit | C13: Login & Session | D13: Reject empty username with valid password | E13: Login page open | F13: username=''; password='secret_sauce' | G13: 1. Enter username 2. Enter password 3. Click Login | H13: Username requirement is indicated | I13: N/A | J13: Primary Browser | L13: Yes
A14: LG-0011 | B14: Unit | C14: Login & Session | D14: Reject valid username with empty password | E14: Login page open | F14: username='standard_user'; password='' | G14: 1. Enter username 2. Enter password 3. Click Login | H14: Password requirement is indicated | I14: N/A | J14: Primary Browser | L14: Yes
A15: LG-0012 | B15: Unit | C15: Login & Session | D15: Reject invalid username with valid password | E15: Login page open | F15: username='not_a_user'; password='secret_sauce' | G15: 1. Enter username 2. Enter password 3. Click Login | H15: Login is rejected with appropriate invalid-credentials feedback | I15: N/A | J15: Primary Browser | L15: Yes
... A25: LG-0022 | B25: System | C25: Login & Session | D25: New successful login clears prior error state | E25: Login page open | F25: invalid then valid credentials | G25: 1. Trigger invalid login 2. Enter valid credentials 3. Submit | H25: User logs in and stale error is no longer displayed | I25: N/A | J25: Primary Browser | L25: Candidate
A26: LG-0023 | B26: System | C26: Login & Session | D26: Authenticate with locked_out_user | E26: Login page open | F26: locked_out_user / secret_sauce | G26: 1. Enter credentials 2. Click Login | H26: Login is rejected with locked-out-user feedback | I26: locked_out_user | J26: Primary Browser | K26: Special SauceDemo test account behavior; compare against standard_user baseline. | L26: Candidate
A27: LG-0024 | B27: System | C27: Login & Session | D27: Authenticate with problem_user | E27: Login page open | F27: problem_user / secret_sauce | G27: 1. Enter credentials 2. Click Login | H27: User can authenticate; subsequent known anomalous behavior is tested in relevant modules | I27: problem_user | J27: Primary Browser | K27: Special SauceDemo test account behavior; compare against standard_user baseline. | L27: Candidate
A28: LG-0025 | B28: System | C28: Login & Session | D28: Authenticate with performance_glitch_user | E28: Login page open | F28: performance_glitch_user / secret_sauce | G28: 1. Enter credentials 2. Click Login | H28: User can authenticate; performance delay is observed without incorrect final navigation | I28: performance_glitch_user | J28: Primary Browser | K28: Special SauceDemo test account behavior; compare against standard_user baseline. | L28: Candidate
A29: LG-0026 | B29: System | C29: Login & Session | D29: Authenticate with error_user | E29: Login page open | F29: error_user / secret_sauce | G29: 1. Enter credentials 2. Click Login | H29: User can authenticate; error-specific behavior is exercised in downstream modules | I29: error_user | J29: Primary Browser | K29: Special SauceDemo test account behavior; compare against standard_user baseline. | L29: Candidate
A30: LG-0027 | B30: System | C30: Login & Session | D30: Authenticate with visual_user | E30: Login page open | F30: visual_user / secret_sauce | G30: 1. Enter credentials 2. Click Login | H30: User can authenticate; visual discrepancies are exercised in UI modules | I30: visual_user | J30: Primary Browser | K30: Special SauceDemo test account behavior; compare against standard_user baseline. | L30: Candidate
A31: LG-0028 | B31: System | C31: Login & Session | D31: Remember Me option is available | E31: Login page open | F31: N/A | G31: 1. Inspect login form | H31: A Remember Me control is available to preserve opted-in username/session behavior | I31: standard_user | J31: Primary Browser | K31: Standard feature expectation; may expose an absent capability in the current demo. | L31: Candidate
A32: LG-0029 | B32: System | C32: Login & Session | D32: Remember Me persists intended login convenience | E32: Remember Me exists | F32: valid credentials | G32: 1. Select Remember Me 2. Login 3. Close/reopen browser as appropriate | H32: Documented remembered state is preserved without exposing plaintext password | I32: standard_user | J32: Primary Browser | K32: Standard feature expectation; may expose an absent capability in the current demo. | L32: Candidate
A33: LG-0030 | B33: System | C33: Login & Session | D33: Forgot Password recovery entry point is available | E33: Login page open | F33: N/A | G33: 1. Inspect login page | H33: A recovery path is available | I33: standard_user | J33: Primary Browser | K33: Standard feature expectation; may expose an absent capability in the current demo. | L33: Candidate
A34: LG-0031 | B34: System | C34: Login & Session | D34: Show/Hide Password control is available | E34: Login page open | F34: secret_sauce | G34: 1. Enter password 2. Toggle visibility | H34: Password visibility changes only on explicit user action | I34: standard_user | J34: Primary Browser | K34: Standard feature expectation; may expose an absent capability in the current demo. | L34: Candidate
A35: LG-0032 | B35: System | C35: Login & Session | D35: Username maximum length is enforced | E35: Login page open | F35: 256-character username | G35: 1. Paste long input | H35: Field enforces a defined maximum or safely constrains input | I35: N/A | J35: Primary Browser | K35: Standard feature expectation; may expose an absent capability in the current demo. | L35: Candidate
A36: LG-0033 | B36: System | C36: Login & Session | D36: Password maximum length is enforced | E36: Login page open | F36: 256-character password | G36: 1. Paste long input | H36: Field enforces a defined maximum or safely constrains input | I36: N/A | J36: Primary Browser | K36: Standard feature expectation; may expose an absent capability in the current demo. | L36: Candidate
A37: LG-0034 | B37: System | C37: Login & Session | D37: Repeated failed logins are rate-limited | E37: Login page open | F37: invalid credentials repeated | G37: 1. Submit repeated invalid attempts rapidly | H37: System applies throttling, delay, challenge, or equivalent abuse protection | I37: N/A | J37: Primary Browser | K37: Standard login/security expectation; included even if not explicitly implemented. | L37: Candidate
A38: LG-0035 | B38: System | C38: Login & Session | D38: Excessive failed attempts trigger temporary protection | E38: Login page open | F38: many invalid attempts | G38: 1. Repeat invalid login beyond policy threshold | H38: System protects against brute-force attempts without permanent denial of legitimate access | I38: N/A | J38: Primary Browser | K38: Standard login/security expectation; included even if not explicitly implemented. | L38: Candidate
A39: LG-0036 | B39: System | C39: Login & Session | D39: Logout option is available after login | E39: Logged in as standard_user | F39: N/A | G39: 1. Open side menu | H39: Logout option is visible | I39: standard_user | J39: Primary Browser | L39: Candidate
A40: LG-0037 | B40: System | C40: Login & Session | D40: Logout returns user to login page | E40: Logged in as standard_user | F40: N/A | G40: 1. Open menu 2. Click Logout | H40: Login page is displayed | I40: standard_user | J40: All Supported Browsers | L40: Candidate
A41: LG-0038 | B41: System | C41: Login & Session | D41: Browser Back after logout does not restore usable authenticated state | E41: User logged out | F41: N/A | G41: 1. Press browser Back | H41: Protected page is not usable without re-authentication | I41: standard_user | J41: Primary Browser | L41: Candidate
A42: LG-0039 | B42: System | C42: Login & Session | D42: Direct inventory URL after logout is blocked | E42: User logged out | F42: /inventory.html | G42: 1. Navigate directly | H42: User is redirected/rejected and protected content is not usable | I42: standard_user | J42: Primary Browser | L42: Candidate
A43: LG-0040 | B43: UAT | C43: Login & Session | D43: Representative user logs in without assistance | E43: Representative tester; site available | F43: Use standard_user credentials | G43: 1. Give task without step-by-step coaching 2. Observe completion | H43: User completes login and understands success | I43: Representative User | J43: Primary Browser | L43: No

Sheet Product Listing - TC
A1: Product Listing Test Cases
A2: Module Code: PL
A3: Case ID | B3: Test Category | C3: Module | D3: Test Case / Scenario | E3: Preconditions | F3: Test Data | G3: Test Steps | H3: Expected Result | I3: Applicable User | J3: Browser Coverage | K3: Remarks | L3: Automation Candidate
A4: PL-0001 | B4: Unit | C4: Product Listing | D4: Products heading is displayed | E4: Logged in as standard_user | F4: N/A | G4: 1. Observe inventory | H4: Products heading is visible | I4: standard_user | J4: Primary Browser | L4: Candidate
A5: PL-0002 | B5: Unit | C5: Product Listing | D5: Inventory list is displayed | E5: Logged in | F5: N/A | G5: 1. Observe inventory | H5: Product list container is visible | I5: standard_user | J5: Primary Browser | L5: Candidate
A6: PL-0003 | B6: Unit | C6: Product Listing | D6: Each product card shows name | E6: Inventory loaded | F6: All displayed products | G6: 1. Inspect cards | H6: Each card has a non-empty product name | I6: standard_user | J6: Primary Browser | L6: Candidate
A7: PL-0004 | B7: Unit | C7: Product Listing | D7: Each product card shows description | E7: Inventory loaded | F7: All displayed products | G7: 1. Inspect cards | H7: Each card has a description | I7: standard_user | J7: Primary Browser | L7: Candidate
A8: PL-0005 | B8: Unit | C8: Product Listing | D8: Each product card shows price | E8: Inventory loaded | F8: All displayed products | G8: 1. Inspect cards | H8: Each card shows a valid currency-formatted price | I8: standard_user | J8: Primary Browser | L8: Candidate
A9: PL-0006 | B9: Unit | C9: Product Listing | D9: Each product card shows image | E9: Inventory loaded | F9: All displayed products | G9: 1. Inspect cards | H9: Each card displays an image or meaningful fallback | I9: standard_user | J9: Primary Browser | L9: Candidate
A10: PL-0007 | B10: Unit | C10: Product Listing | D10: Each product card shows Add to cart action when not selected | E10: No items added | F10: All products | G10: 1. Inspect cards | H10: Each purchasable item shows Add to cart | I10: standard_user | J10: Primary Browser | L10: Candidate
A11: PL-0008 | B11: Unit | C11: Product Listing | D11: Product names are clickable | E11: Inventory loaded | F11: Any product | G11: 1. Click product name | H11: Matching detail page opens | I11: standard_user | J11: Primary Browser | L11: Candidate
A12: PL-0009 | B12: Unit | C12: Product Listing | D12: Product images are clickable when supported | E12: Inventory loaded | F12: Any product | G12: 1. Click product image | H12: Matching detail page opens or click behavior is consistently non-interactive | I12: standard_user | J12: Primary Browser | L12: Candidate
A13: PL-0010 | B13: Unit | C13: Product Listing | D13: Cart icon is visible | E13: Logged in | F13: N/A | G13: 1. Observe header | H13: Cart control is visible | I13: standard_user | J13: Primary Browser | L13: Candidate
A14: PL-0011 | B14: System | C14: Product Listing | D14: Display product: Sauce Labs Backpack | E14: Logged in as standard_user | F14: Expected baseline catalog | G14: 1. Open Products page 2. Locate product | H14: Sauce Labs Backpack is displayed with name, description, price, image, and cart action | I14: standard_user | J14: Primary Browser | K14: Observed/current SauceDemo workflow assumption; verify against live site during execution. | L14: Candidate
A15: PL-0012 | B15: System | C15: Product Listing | D15: Display product: Test.allTheThings() T-Shirt (Red) | E15: Logged in as standard_user | F15: Expected baseline catalog | G15: 1. Open Products page 2. Locate product | H15: Test.allTheThings() T-Shirt (Red) is displayed with name, description, price, image, and cart action | I15: standard_user | J15: Primary Browser | K15: Observed/current SauceDemo workflow assumption; verify against live site during execution. | L15: Candidate
A16: PL-0013 | B16: Integration | C16: Product Listing | D16: Add Sauce Labs Backpack from listing updates product control and cart badge | E16: Logged in; product not in cart | F16: Sauce Labs Backpack | G16: 1. Locate Sauce Labs Backpack 2. Click Add to cart | H16: Button changes to Remove and cart badge increments | I16: standard_user | J16: Primary Browser | L16: Candidate
A17: PL-0014 | B17: Integration | C17: Product Listing | D17: Remove Sauce Labs Backpack from listing updates control and cart badge | E17: Product already in cart | F17: Sauce Labs Backpack | G17: 1. Locate Sauce Labs Backpack 2. Click Remove | H17: Button returns to Add to cart and cart badge decrements | I17: standard_user | J17: Primary Browser | L17: Candidate
A18: PL-0015 | B18: System | C18: Product Listing | D18: Inventory remains stable after browser refresh | E18: Logged in on Products page | F18: N/A | G18: 1. Refresh page | H18: Products reload without duplicate cards or broken layout | I18: standard_user | J18: Primary Browser | L18: Candidate
A19: PL-0016 | B19: System | C19: Product Listing | D19: Cart badge reflects number of distinct added products | E19: Logged in | F19: Add 3 different products | G19: 1. Add 3 products | H19: Badge displays 3 | I19: standard_user | J19: Primary Browser | L19: Candidate
A20: PL-0017 | B20: System | C20: Product Listing | D20: Cart badge disappears when cart becomes empty | E20: One product in cart | F20: N/A | G20: 1. Remove product | H20: Badge is removed or shows empty state consistently | I20: standard_user | J20: Primary Browser | L20: Candidate
A21: PL-0018 | B21: System | C21: Product Listing | D21: Adding one product does not alter unrelated product data | E21: Logged in | F21: Any product | G21: 1. Record another card values 2. Add product | H21: Unrelated product name/price/description remain unchanged | I21: standard_user | J21: Primary Browser | L21: Candidate
A22: PL-0019 | B22: System | C22: Product Listing | D22: Product prices use consistent currency format | E22: Inventory loaded | F22: All products | G22: 1. Inspect prices | H22: Prices use consistent dollar/currency formatting | I22: standard_user | J22: Primary Browser | L22: Candidate
A23: PL-0020 | B23: System | C23: Product Listing | D23: No duplicate product cards are displayed | E23: Inventory loaded | F23: All products | G23: 1. Compare names/identifiers | H23: Catalog does not show accidental duplicates | I23: standard_user | J23: Primary Browser | L23: Candidate
A24: PL-0021 | B24: System | C24: Product Listing | D24: Product search control is available | E24: Logged in on Products page | F24: Search term | G24: 1. Inspect product discovery controls | H24: A search capability is available for locating products | I24: standard_user | J24: Primary Browser | K24: Standard feature expectation; may expose an absent capability in the current demo. | L24: Candidate
A25: PL-0022 | B25: System | C25: Product Listing | D25: Search returns matching products | E25: Search control exists | F25: Backpack | G25: 1. Search term | H25: Only relevant products or clear no-result state is shown | I25: standard_user | J25: Primary Browser | K25: Standard feature expectation; may expose an absent capability in the current demo. | L25: Candidate
A26: PL-0023 | B26: System | C26: Product Listing | D26: No-result search state is clear | E26: Search control exists | F26: zzzz-no-match | G26: 1. Search term | H26: Clear no-results feedback is displayed | I26: standard_user | J26: Primary Browser | K26: Standard feature expectation; may expose an absent capability in the current demo. | L26: Candidate
A27: PL-0024 | B27: UAT | C27: Product Listing | D27: User identifies a product from listing | E27: Representative user logged in | F27: Ask user to find Sauce Labs Backpack | G27: 1. Give task 2. Observe | H27: User locates product without assistance | I27: Representative User | J27: Primary Browser | L27: No

Sheet Product Sorting - TC
A1: Product Sorting Test Cases
A2: Module Code: PS
A3: Case ID | B3: Test Category | C3: Module | D3: Test Case / Scenario | E3: Preconditions | F3: Test Data | G3: Test Steps | H3: Expected Result | I3: Applicable User | J3: Browser Coverage | K3: Remarks | L3: Automation Candidate
A4: PS-0001 | B4: Unit | C4: Product Sorting | D4: Sort dropdown is visible | E4: Logged in on Products page | F4: N/A | G4: 1. Observe sort control | H4: Sort dropdown is visible and enabled | I4: standard_user | J4: Primary Browser | L4: Candidate
A5: PS-0002 | B5: Unit | C5: Product Sorting | D5: Sort option Name (A to Z) is available | E5: Products page loaded | F5: Name (A to Z) | G5: 1. Open sort dropdown | H5: Requested option appears | I5: standard_user | J5: Primary Browser | L5: Candidate
A6: PS-0003 | B6: System | C6: Product Sorting | D6: Apply Name (A to Z) sorting | E6: Products page loaded | F6: Name (A to Z) | G6: 1. Select Name (A to Z) 2. Read resulting order | H6: Products are ordered alphabetically ascending | I6: standard_user | J6: Primary Browser | L6: Candidate
A7: PS-0004 | B7: Unit | C7: Product Sorting | D7: Sort option Name (Z to A) is available | E7: Products page loaded | F7: Name (Z to A) | G7: 1. Open sort dropdown | H7: Requested option appears | I7: standard_user | J7: Primary Browser | L7: Candidate
A8: PS-0005 | B8: System | C8: Product Sorting | D8: Apply Name (Z to A) sorting | E8: Products page loaded | F8: Name (Z to A) | G8: 1. Select Name (Z to A) 2. Read resulting order | H8: Products are ordered alphabetically descending | I8: standard_user | J8: Primary Browser | L8: Candidate
A9: PS-0006 | B9: Unit | C9: Product Sorting | D9: Sort option Price (low to high) is available | E9: Products page loaded | F9: Price (low to high) | G9: 1. Open sort dropdown | H9: Requested option appears | I9: standard_user | J9: Primary Browser | L9: Candidate
A10: PS-0007 | B10: System | C10: Product Sorting | D10: Apply Price (low to high) sorting | E10: Products page loaded | F10: Price (low to high) | G10: 1. Select Price (low to high) 2. Read resulting order | H10: Products are ordered numerically ascending by price | I10: standard_user | J10: Primary Browser | L10: Candidate
A11: PS-0008 | B11: Unit | C11: Product Sorting | D11: Sort option Price (high to low) is available | E11: Products page loaded | F11: Price (high to low) | G11: 1. Open sort dropdown | H11: Requested option appears | I11: standard_user | J11: Primary Browser | L11: Candidate
A12: PS-0009 | B12: System | C12: Product Sorting | D12: Apply Price (high to low) sorting | E12: Products page loaded | F12: Price (high to low) | G12: 1. Select Price (high to low) 2. Read resulting order | H12: Products are ordered numerically descending by price | I12: standard_user | J12: Primary Browser | L12: Candidate
A13: PS-0010 | B13: Integration | C13: Product Sorting | D13: Default sort order is deterministic | E13: Logged in on Products page | F13: N/A | G13: 1. Perform relevant sort interaction | H13: Initial product order is consistent on repeated loads | I13: standard_user | J13: Primary Browser | L13: Candidate
A14: PS-0011 | B14: Integration | C14: Product Sorting | D14: Changing sort does not alter cart contents | E14: Logged in on Products page | F14: N/A | G14: 1. Perform relevant sort interaction | H14: Existing cart selections remain unchanged | I14: standard_user | J14: Primary Browser | L14: Candidate
A15: PS-0012 | B15: Integration | C15: Product Sorting | D15: Sort remains usable after adding items | E15: Logged in on Products page | F15: N/A | G15: 1. Perform relevant sort interaction | H15: Dropdown still works and selected cart state remains accurate | I15: standard_user | J15: Primary Browser | L15: Candidate
... A17: PS-0014 | B17: UAT | C17: Product Sorting | D17: Representative user sorts by lowest price | E17: Logged in | F17: Task: find cheapest first | G17: 1. Ask user to sort by low price | H17: User completes task and recognizes reordered list | I17: Representative User | J17: Primary Browser | L17: No

Sheet Product Detail - TC
A1: Product Detail Test Cases
A2: Module Code: PD
A3: Case ID | B3: Test Category | C3: Module | D3: Test Case / Scenario | E3: Preconditions | F3: Test Data | G3: Test Steps | H3: Expected Result | I3: Applicable User | J3: Browser Coverage | K3: Remarks | L3: Automation Candidate
A4: PD-0001 | B4: Unit | C4: Product Detail | D4: Detail page shows product name | E4: Logged in; product detail open | F4: Any product | G4: 1. Inspect detail page | H4: Non-empty matching name is displayed | I4: standard_user | J4: Primary Browser | L4: Candidate
A5: PD-0002 | B5: Unit | C5: Product Detail | D5: Detail page shows product description | E5: Logged in; product detail open | F5: Any product | G5: 1. Inspect detail page | H5: Description is displayed | I5: standard_user | J5: Primary Browser | L5: Candidate
A6: PD-0003 | B6: Unit | C6: Product Detail | D6: Detail page shows product price | E6: Logged in; product detail open | F6: Any product | G6: 1. Inspect detail page | H6: Price is displayed in valid currency format | I6: standard_user | J6: Primary Browser | L6: Candidate
A7: PD-0004 | B7: Unit | C7: Product Detail | D7: Detail page shows product image | E7: Logged in; product detail open | F7: Any product | G7: 1. Inspect detail page | H7: Image or meaningful fallback is displayed | I7: standard_user | J7: Primary Browser | L7: Candidate
A8: PD-0005 | B8: Unit | C8: Product Detail | D8: Back to products action is visible | E8: Logged in; product detail open | F8: Any product | G8: 1. Inspect detail page | H8: Navigation back action is visible | I8: standard_user | J8: Primary Browser | L8: Candidate
A9: PD-0006 | B9: Unit | C9: Product Detail | D9: Add to cart action is visible when product not selected | E9: Logged in; product detail open | F9: Any product | G9: 1. Inspect detail page | H9: Add action is available | I9: standard_user | J9: Primary Browser | L9: Candidate
A10: PD-0007 | B10: Integration | C10: Product Detail | D10: Open detail page for Sauce Labs Backpack from listing | E10: Logged in; Products page loaded | F10: Sauce Labs Backpack | G10: 1. Click Sauce Labs Backpack name | H10: Matching detail page opens with same product identity | I10: standard_user | J10: Primary Browser | L10: Candidate
A11: PD-0008 | B11: Integration | C11: Product Detail | D11: Sauce Labs Backpack detail data matches listing | E11: Matching detail page open | F11: Sauce Labs Backpack | G11: 1. Compare name, price, description with listing | H11: Detail values match listing values | I11: standard_user | J11: Primary Browser | L11: Candidate
A12: PD-0009 | B12: Integration | C12: Product Detail | D12: Open detail page for Test.allTheThings() T-Shirt (Red) from listing | E12: Logged in; Products page loaded | F12: Test.allTheThings() T-Shirt (Red) | G12: 1. Click Test.allTheThings() T-Shirt (Red) name | H12: Matching detail page opens with same product identity | I12: standard_user | J12: Primary Browser | L12: Candidate
A13: PD-0010 | B13: Integration | C13: Product Detail | D13: Test.allTheThings() T-Shirt (Red) detail data matches listing | E13: Matching detail page open | F13: Test.allTheThings() T-Shirt (Red) | G13: 1. Compare name, price, description with listing | H13: Detail values match listing values | I13: standard_user | J13: Primary Browser | L13: Candidate
A14: PD-0011 | B14: System | C14: Product Detail | D14: Add product from detail updates cart badge | E14: Product not in cart | F14: Any product | G14: 1. Click Add to cart | H14: Badge increments and action changes to Remove | I14: standard_user | J14: Primary Browser | L14: Candidate
A15: PD-0012 | B15: System | C15: Product Detail | D15: Remove product from detail updates cart badge | E15: Product in cart | F15: Any product | G15: 1. Click Remove | H15: Badge decrements and action changes to Add to cart | I15: standard_user | J15: Primary Browser | L15: Candidate
... A17: PD-0014 | B17: System | C17: Product Detail | D17: Direct invalid product detail URL is handled | E17: Logged in | F17: Invalid item ID/URL | G17: 1. Navigate directly | H17: Clear not-found/rejection behavior occurs without crash | I17: standard_user | J17: Primary Browser | L17: Candidate
A18: PD-0015 | B18: System | C18: Product Detail | D18: Detail page exposes product quantity selection when expected | E18: Detail page open | F18: Any product | G18: 1. Inspect purchase controls | H18: A quantity control is available or absence is documented as a product limitation | I18: standard_user | J18: Primary Browser | K18: Standard feature expectation; may expose an absent capability in the current demo. | L18: Candidate
A19: PD-0016 | B19: UAT | C19: Product Detail | D19: User opens product detail from listing | E19: Representative user logged in | F19: Ask user to inspect one product | G19: 1. Give task 2. Observe | H19: User reaches matching detail page | I19: Representative User | J19: Primary Browser | L19: No

Sheet Cart - TC
A1: Cart Test Cases
A2: Module Code: CT
A3: Case ID | B3: Test Category | C3: Module | D3: Test Case / Scenario | E3: Preconditions | F3: Test Data | G3: Test Steps | H3: Expected Result | I3: Applicable User | J3: Browser Coverage | K3: Remarks | L3: Automation Candidate
A4: CT-0001 | B4: Unit | C4: Cart | D4: Cart page heading is displayed | E4: Logged in; cart page open | F4: Cart with at least one item | G4: 1. Inspect cart | H4: Your Cart heading is visible | I4: standard_user | J4: Primary Browser | L4: Candidate
A5: CT-0002 | B5: Unit | C5: Cart | D5: Continue Shopping action is visible | E5: Logged in; cart page open | F5: Cart with at least one item | G5: 1. Inspect cart | H5: Continue Shopping control is available | I5: standard_user | J5: Primary Browser | L5: Candidate
A6: CT-0003 | B6: Unit | C6: Cart | D6: Checkout action is visible | E6: Logged in; cart page open | F6: Cart with at least one item | G6: 1. Inspect cart | H6: Checkout control is available | I6: standard_user | J6: Primary Browser | L6: Candidate
A7: CT-0004 | B7: Unit | C7: Cart | D7: Each cart item shows quantity | E7: Logged in; cart page open | F7: Cart with at least one item | G7: 1. Inspect cart | H7: Quantity is displayed | I7: standard_user | J7: Primary Browser | L7: Candidate
A8: CT-0005 | B8: Unit | C8: Cart | D8: Each cart item shows name | E8: Logged in; cart page open | F8: Cart with at least one item | G8: 1. Inspect cart | H8: Product name is displayed | I8: standard_user | J8: Primary Browser | L8: Candidate
A9: CT-0006 | B9: Unit | C9: Cart | D9: Each cart item shows description | E9: Logged in; cart page open | F9: Cart with at least one item | G9: 1. Inspect cart | H9: Description is displayed | I9: standard_user | J9: Primary Browser | L9: Candidate
A10: CT-0007 | B10: Unit | C10: Cart | D10: Each cart item shows price | E10: Logged in; cart page open | F10: Cart with at least one item | G10: 1. Inspect cart | H10: Price is displayed | I10: standard_user | J10: Primary Browser | L10: Candidate
A11: CT-0008 | B11: Unit | C11: Cart | D11: Each cart item shows Remove action | E11: Logged in; cart page open | F11: Cart with at least one item | G11: 1. Inspect cart | H11: Remove control is displayed | I11: standard_user | J11: Primary Browser | L11: Candidate
A12: CT-0009 | B12: Integration | C12: Cart | D12: Add Sauce Labs Backpack then verify it appears in cart | E12: Logged in; item absent | F12: Sauce Labs Backpack | G12: 1. Add Sauce Labs Backpack 2. Open cart | H12: Sauce Labs Backpack appears with matching price/description | I12: standard_user | J12: Primary Browser | L12: Candidate
A13: CT-0010 | B13: Integration | C13: Cart | D13: Remove Sauce Labs Backpack from cart | E13: Item present in cart | F13: Sauce Labs Backpack | G13: 1. Open cart 2. Click Remove for Sauce Labs Backpack | H13: Sauce Labs Backpack is removed and badge decrements | I13: standard_user | J13: Primary Browser | L13: Candidate
A14: CT-0011 | B14: System | C14: Cart | D14: Open empty cart | E14: Logged in; no items | F14: N/A | G14: 1. Click cart icon | H14: Cart page opens without crash | I14: standard_user | J14: Primary Browser | L14: Candidate
A15: CT-0012 | B15: System | C15: Cart | D15: Empty cart displays clear empty state | E15: Logged in; no items | F15: N/A | G15: 1. Open cart | H15: User receives clear empty-cart indication or intentionally empty list state | I15: standard_user | J15: Primary Browser | L15: Candidate
... A22: CT-0019 | B22: System | C22: Cart | D22: Checkout behavior with empty cart is controlled | E22: Cart empty | F22: N/A | G22: 1. Click Checkout | H22: System blocks meaningless checkout or handles it with a clearly defined policy | I22: standard_user | J22: Primary Browser | L22: Candidate
A23: CT-0020 | B23: System | C23: Cart | D23: Cart supports quantity increase | E23: Item in cart | F23: quantity 2 | G23: 1. Inspect quantity controls 2. Increase quantity | H23: Quantity can be increased and totals/badge update | I23: standard_user | J23: Primary Browser | K23: Standard feature expectation; may expose an absent capability in the current demo. | L23: Candidate
A24: CT-0021 | B24: UAT | C24: Cart | D24: User reviews selected items in cart | E24: Representative user; relevant cart state | F24: Ask user to confirm two added items | G24: 1. Give task 2. Observe | H24: User identifies both items and prices | I24: Representative User | J24: Primary Browser | L24: No
A25: CT-0022 | B25: UAT | C25: Cart | D25: User removes one item from cart | E25: Representative user; relevant cart state | F25: Ask user to remove chosen item | G25: 1. Give task 2. Observe | H25: Only intended item is removed | I25: Representative User | J25: Primary Browser | L25: No

Sheet Checkout Information - TC
A1: Checkout Information Test Cases
A2: Module Code: CI
A3: Case ID | B3: Test Category | C3: Module | D3: Test Case / Scenario | E3: Preconditions | F3: Test Data | G3: Test Steps | H3: Expected Result | I3: Applicable User | J3: Browser Coverage | K3: Remarks | L3: Automation Candidate
A4: CI-0001 | B4: Unit | C4: Checkout Information | D4: First Name field is visible | E4: Checkout information page open | F4: N/A | G4: 1. Inspect form | H4: First Name field is visible | I4: standard_user | J4: Primary Browser | L4: Candidate
A5: CI-0002 | B5: Unit | C5: Checkout Information | D5: First Name field accepts input | E5: Checkout information page open | F5: Valid first name | G5: 1. Enter valid first name | H5: First Name accepts input | I5: standard_user | J5: Primary Browser | L5: Candidate
A6: CI-0003 | B6: Unit | C6: Checkout Information | D6: Reject missing First Name | E6: Checkout information page open | F6: Other required fields valid; First Name empty | G6: 1. Fill other fields 2. Leave target empty 3. Click Continue | H6: Checkout is blocked and First Name requirement is indicated | I6: standard_user | J6: Primary Browser | L6: Candidate
A7: CI-0004 | B7: Unit | C7: Checkout Information | D7: Last Name field is visible | E7: Checkout information page open | F7: N/A | G7: 1. Inspect form | H7: Last Name field is visible | I7: standard_user | J7: Primary Browser | L7: Candidate
A8: CI-0005 | B8: Unit | C8: Checkout Information | D8: Last Name field accepts input | E8: Checkout information page open | F8: Valid last name | G8: 1. Enter valid last name | H8: Last Name accepts input | I8: standard_user | J8: Primary Browser | L8: Candidate
A9: CI-0006 | B9: Unit | C9: Checkout Information | D9: Reject missing Last Name | E9: Checkout information page open | F9: Other required fields valid; Last Name empty | G9: 1. Fill other fields 2. Leave target empty 3. Click Continue | H9: Checkout is blocked and Last Name requirement is indicated | I9: standard_user | J9: Primary Browser | L9: Candidate
A10: CI-0007 | B10: Unit | C10: Checkout Information | D10: Postal Code field is visible | E10: Checkout information page open | F10: N/A | G10: 1. Inspect form | H10: Postal Code field is visible | I10: standard_user | J10: Primary Browser | L10: Candidate
A11: CI-0008 | B11: Unit | C11: Checkout Information | D11: Postal Code field accepts input | E11: Checkout information page open | F11: Valid postal code | G11: 1. Enter valid postal code | H11: Postal Code accepts input | I11: standard_user | J11: Primary Browser | L11: Candidate
A12: CI-0009 | B12: Unit | C12: Checkout Information | D12: Reject missing Postal Code | E12: Checkout information page open | F12: Other required fields valid; Postal Code empty | G12: 1. Fill other fields 2. Leave target empty 3. Click Continue | H12: Checkout is blocked and Postal Code requirement is indicated | I12: standard_user | J12: Primary Browser | L12: Candidate
A13: CI-0010 | B13: Unit | C13: Checkout Information | D13: Continue button is visible | E13: Checkout information page open | F13: N/A | G13: 1. Inspect form | H13: Continue action is visible | I13: standard_user | J13: Primary Browser | L13: Candidate
A14: CI-0011 | B14: Unit | C14: Checkout Information | D14: Cancel button is visible | E14: Checkout information page open | F14: N/A | G14: 1. Inspect form | H14: Cancel action is visible | I14: standard_user | J14: Primary Browser | L14: Candidate
A15: CI-0012 | B15: System | C15: Checkout Information | D15: Checkout information: All fields empty | E15: Cart has at least one item; checkout info open | F15: first=''; last=''; postal='' | G15: 1. Enter values 2. Click Continue | H15: First Name requirement is indicated first or all missing fields are clearly identified | I15: standard_user | J15: Primary Browser | L15: Candidate
... A25: CI-0022 | B25: Unit | C25: Checkout Information | D25: Postal Code handles very long input | E25: Checkout information page open | F25: Postal Code=9999999999999999999999999999999999999999999999999999999999999999999999999999999999999999999999999999999999999999999999999999999999999999999999999999999999999999999999999999999999999999999999999999999999999999999999999999999999999999999999999999999999999999 | G25: 1. Enter test value in Postal Code 2. Fill other fields valid 3. Continue | H25: Input is validated according to a defined policy; invalid data is rejected with clear feedback and page does not break | I25: standard_user | J25: Primary Browser | L25: Candidate
A26: CI-0023 | B26: System | C26: Checkout Information | D26: Postal Code maximum length is enforced | E26: Checkout information page open; other fields valid | F26: 256 characters | G26: 1. Enter test data 2. Click Continue | H26: Field constrains input to a defined maximum | I26: standard_user | J26: Primary Browser | K26: Standard feature expectation; may expose an absent capability in the current demo. | L26: Candidate
A27: CI-0024 | B27: System | C27: Checkout Information | D27: Postal Code format validation is enforced | E27: Checkout information page open; other fields valid | F27: ABC | G27: 1. Enter test data 2. Click Continue | H27: Clearly invalid postal data is rejected under documented locale policy | I27: standard_user | J27: Primary Browser | K27: Standard feature expectation; may expose an absent capability in the current demo. | L27: Candidate
A28: CI-0025 | B28: Integration | C28: Checkout Information | D28: Cancel returns to cart | E28: Checkout information page open | F28: N/A | G28: 1. Click Cancel | H28: Cart page opens with items preserved | I28: standard_user | J28: Primary Browser | L28: Candidate
A29: CI-0026 | B29: Integration | C29: Checkout Information | D29: Valid information advances to overview | E29: Cart has item | F29: John / Doe / 1000 | G29: 1. Fill all fields 2. Continue | H29: Checkout Overview opens | I29: standard_user | J29: Primary Browser | L29: Candidate
A30: CI-0027 | B30: UAT | C30: Checkout Information | D30: User understands required checkout fields | E30: Representative user at checkout information | F30: Ask user to proceed with one field missing | G30: 1. Give task 2. Observe | H30: User understands validation feedback | I30: Representative User | J30: Primary Browser | L30: No

Sheet Checkout Overview - TC
A1: Checkout Overview Test Cases
A2: Module Code: CO
A3: Case ID | B3: Test Category | C3: Module | D3: Test Case / Scenario | E3: Preconditions | F3: Test Data | G3: Test Steps | H3: Expected Result | I3: Applicable User | J3: Browser Coverage | K3: Remarks | L3: Automation Candidate
A4: CO-0001 | B4: Unit | C4: Checkout Overview | D4: Overview heading is displayed | E4: Reached Checkout Overview with at least one item | F4: N/A | G4: 1. Inspect overview | H4: Checkout: Overview heading is visible | I4: standard_user | J4: Primary Browser | L4: Candidate
A5: CO-0002 | B5: Unit | C5: Checkout Overview | D5: Each selected item is displayed | E5: Reached Checkout Overview with at least one item | F5: N/A | G5: 1. Inspect overview | H5: Selected items appear | I5: standard_user | J5: Primary Browser | L5: Candidate
A6: CO-0003 | B6: Unit | C6: Checkout Overview | D6: Each selected item shows name | E6: Reached Checkout Overview with at least one item | F6: N/A | G6: 1. Inspect overview | H6: Name is visible | I6: standard_user | J6: Primary Browser | L6: Candidate
A7: CO-0004 | B7: Unit | C7: Checkout Overview | D7: Each selected item shows description | E7: Reached Checkout Overview with at least one item | F7: N/A | G7: 1. Inspect overview | H7: Description is visible | I7: standard_user | J7: Primary Browser | L7: Candidate
A8: CO-0005 | B8: Unit | C8: Checkout Overview | D8: Each selected item shows price | E8: Reached Checkout Overview with at least one item | F8: N/A | G8: 1. Inspect overview | H8: Price is visible | I8: standard_user | J8: Primary Browser | L8: Candidate
A9: CO-0006 | B9: Unit | C9: Checkout Overview | D9: Payment Information section is displayed | E9: Reached Checkout Overview with at least one item | F9: N/A | G9: 1. Inspect overview | H9: Payment information is visible | I9: standard_user | J9: Primary Browser | L9: Candidate
A10: CO-0007 | B10: Unit | C10: Checkout Overview | D10: Shipping Information section is displayed | E10: Reached Checkout Overview with at least one item | F10: N/A | G10: 1. Inspect overview | H10: Shipping information is visible | I10: standard_user | J10: Primary Browser | L10: Candidate
A11: CO-0008 | B11: Unit | C11: Checkout Overview | D11: Price Total section is displayed | E11: Reached Checkout Overview with at least one item | F11: N/A | G11: 1. Inspect overview | H11: Price total section is visible | I11: standard_user | J11: Primary Browser | L11: Candidate
A12: CO-0009 | B12: Unit | C12: Checkout Overview | D12: Finish button is visible | E12: Reached Checkout Overview with at least one item | F12: N/A | G12: 1. Inspect overview | H12: Finish action is visible | I12: standard_user | J12: Primary Browser | L12: Candidate
A13: CO-0010 | B13: Unit | C13: Checkout Overview | D13: Cancel button is visible | E13: Reached Checkout Overview with at least one item | F13: N/A | G13: 1. Inspect overview | H13: Cancel action is visible | I13: standard_user | J13: Primary Browser | L13: Candidate
A14: CO-0011 | B14: Unit | C14: Checkout Overview | D14: Item total equals sum of listed item prices | E14: Overview open | F14: Known cart prices | G14: 1. Sum item prices 2. Compare item total | H14: Displayed item total equals sum of item prices | I14: standard_user | J14: Primary Browser | L14: Yes
A15: CO-0012 | B15: Unit | C15: Checkout Overview | D15: Displayed total is mathematically consistent | E15: Overview open | F15: item total + tax | G15: 1. Read item total 2. Read tax 3. Calculate sum 4. Compare total | H15: Displayed total equals item total plus tax | I15: standard_user | J15: Primary Browser | L15: Yes
... A20: CO-0017 | B20: UAT | C20: Checkout Overview | D20: User identifies final total | E20: Representative user at overview | F20: Ask user for amount to be charged | G20: 1. Give task 2. Observe | H20: User locates total | I20: Representative User | J20: Primary Browser | L20: No

Sheet Order Completion - TC
A1: Order Completion Test Cases
A2: Module Code: OC
A3: Case ID | B3: Test Category | C3: Module | D3: Test Case / Scenario | E3: Preconditions | F3: Test Data | G3: Test Steps | H3: Expected Result | I3: Applicable User | J3: Browser Coverage | K3: Remarks | L3: Automation Candidate
A4: OC-0001 | B4: Unit | C4: Order Completion | D4: Completion heading is displayed | E4: Order completed | F4: N/A | G4: 1. Inspect completion page | H4: Checkout Complete heading is visible | I4: standard_user | J4: Primary Browser | L4: Candidate
A5: OC-0002 | B5: Unit | C5: Order Completion | D5: Success message is displayed | E5: Order completed | F5: N/A | G5: 1. Inspect completion page | H5: Order success confirmation is visible | I5: standard_user | J5: Primary Browser | L5: Candidate
A6: OC-0003 | B6: Unit | C6: Order Completion | D6: Back Home button is visible | E6: Order completed | F6: N/A | G6: 1. Inspect completion page | H6: Back Home action is visible | I6: standard_user | J6: Primary Browser | L6: Candidate
A7: OC-0004 | B7: System | C7: Order Completion | D7: Finish navigates to completion page | E7: Checkout Overview open | F7: N/A | G7: 1. Click Finish | H7: Completion page opens | I7: standard_user | J7: Primary Browser | L7: Candidate
A8: OC-0005 | B8: System | C8: Order Completion | D8: Back Home returns to Products page | E8: Completion page open | F8: N/A | G8: 1. Click Back Home | H8: Products page opens | I8: standard_user | J8: Primary Browser | L8: Candidate
A9: OC-0006 | B9: System | C9: Order Completion | D9: Purchased cart badge is cleared after completion | E9: Order completed | F9: Previously selected items | G9: 1. Observe header/cart | H9: Cart badge reflects empty completed state | I9: standard_user | J9: Primary Browser | L9: Candidate
A10: OC-0007 | B10: System | C10: Order Completion | D10: Purchased items are not left in cart after completion | E10: Order completed | F10: Previously selected items | G10: 1. Open cart | H10: Completed-order items are not unexpectedly retained | I10: standard_user | J10: Primary Browser | L10: Candidate
A11: OC-0008 | B11: System | C11: Order Completion | D11: Refresh completion page does not create another order event | E11: Completion page open | F11: N/A | G11: 1. Refresh | H11: No duplicate checkout side effect is created | I11: standard_user | J11: Primary Browser | L11: Candidate
A12: OC-0009 | B12: UAT | C12: Order Completion | D12: User recognizes successful order completion | E12: Representative user; completed order | F12: Show completion page | G12: 1. Give task 2. Observe | H12: User understands order flow completed | I12: Representative User | J12: Primary Browser | L12: No

Sheet Menu Navigation - TC
A1: Menu & Navigation Test Cases
A2: Module Code: MN
A3: Case ID | B3: Test Category | C3: Module | D3: Test Case / Scenario | E3: Preconditions | F3: Test Data | G3: Test Steps | H3: Expected Result | I3: Applicable User | J3: Browser Coverage | K3: Remarks | L3: Automation Candidate
A4: MN-0001 | B4: Unit | C4: Menu & Navigation | D4: Burger menu button is visible | E4: Logged in | F4: N/A | G4: 1. Observe header | H4: Menu control is visible | I4: standard_user | J4: Primary Browser | L4: Candidate
A5: MN-0002 | B5: Unit | C5: Menu & Navigation | D5: Burger menu opens | E5: Logged in | F5: N/A | G5: 1. Click menu | H5: Side menu opens | I5: standard_user | J5: Primary Browser | L5: Candidate
A6: MN-0003 | B6: Unit | C6: Menu & Navigation | D6: Close menu control is visible when menu open | E6: Menu open | F6: N/A | G6: 1. Inspect menu | H6: Close action is visible | I6: standard_user | J6: Primary Browser | L6: Candidate
A7: MN-0004 | B7: Unit | C7: Menu & Navigation | D7: Close menu control closes menu | E7: Menu open | F7: N/A | G7: 1. Click close | H7: Menu closes | I7: standard_user | J7: Primary Browser | L7: Candidate
A8: MN-0005 | B8: Unit | C8: Menu & Navigation | D8: All Items menu item is available | E8: Menu open | F8: N/A | G8: 1. Inspect menu | H8: All Items option is visible | I8: standard_user | J8: Primary Browser | L8: Candidate
A9: MN-0006 | B9: Integration | C9: Menu & Navigation | D9: All Items menu action works | E9: Menu open | F9: N/A | G9: 1. Click All Items | H9: Returns/navigates to Products inventory | I9: standard_user | J9: Primary Browser | L9: Candidate
A10: MN-0007 | B10: Unit | C10: Menu & Navigation | D10: About menu item is available | E10: Menu open | F10: N/A | G10: 1. Inspect menu | H10: About option is visible | I10: standard_user | J10: Primary Browser | L10: Candidate
A11: MN-0008 | B11: Integration | C11: Menu & Navigation | D11: About menu action works | E11: Menu open | F11: N/A | G11: 1. Click About | H11: Navigates to intended Sauce Labs external page | I11: standard_user | J11: Primary Browser | L11: Candidate
A12: MN-0009 | B12: Unit | C12: Menu & Navigation | D12: Logout menu item is available | E12: Menu open | F12: N/A | G12: 1. Inspect menu | H12: Logout option is visible | I12: standard_user | J12: Primary Browser | L12: Candidate
A13: MN-0010 | B13: Integration | C13: Menu & Navigation | D13: Logout menu action works | E13: Menu open | F13: N/A | G13: 1. Click Logout | H13: Ends authenticated session and returns to login | I13: standard_user | J13: Primary Browser | L13: Candidate
A14: MN-0011 | B14: Integration | C14: Menu & Navigation | D14: Reset App State menu action works | E14: Menu open | F14: N/A | G14: 1. Click Reset App State | H14: Resets application state according to current demo behavior | I14: standard_user | J14: Primary Browser | L14: Candidate
A15: MN-0012 | B15: UAT | C15: Menu & Navigation | D15: User finds logout from menu | E15: Representative logged-in user | F15: Ask user to log out | G15: 1. Give task 2. Observe | H15: User finds menu then Logout | I15: Representative User | J15: Primary Browser | L15: No

Sheet Reset App State - TC
A1: Reset App State Test Cases
A2: Module Code: RS
A3: Case ID | B3: Test Category | C3: Module | D3: Test Case / Scenario | E3: Preconditions | F3: Test Data | G3: Test Steps | H3: Expected Result | I3: Applicable User | J3: Browser Coverage | K3: Remarks | L3: Automation Candidate
A4: RS-0001 | B4: System | C4: Reset App State | D4: Reset App State option is visible | E4: Logged in; menu open | F4: N/A | G4: 1. Inspect menu | H4: Reset App State option is visible | I4: standard_user | J4: Primary Browser | L4: Candidate
A5: RS-0002 | B5: System | C5: Reset App State | D5: Reset clears cart badge | E5: Items in cart | F5: 2 products | G5: 1. Open menu 2. Click Reset App State | H5: Cart badge clears | I5: standard_user | J5: Primary Browser | L5: Candidate
A6: RS-0003 | B6: System | C6: Reset App State | D6: Reset clears cart contents | E6: Items in cart | F6: 2 products | G6: 1. Reset 2. Open cart | H6: Cart is empty | I6: standard_user | J6: Primary Browser | L6: Candidate
A7: RS-0004 | B7: System | C7: Reset App State | D7: Reset changes Remove buttons back to Add to cart | E7: Items selected | F7: 2 products | G7: 1. Reset 2. Inspect Products page | H7: Selected product controls return to Add to cart | I7: standard_user | J7: Primary Browser | L7: Candidate
A8: RS-0005 | B8: System | C8: Reset App State | D8: Reset can be invoked repeatedly without error | E8: Logged in | F8: N/A | G8: 1. Reset twice | H8: No crash; state remains clean | I8: standard_user | J8: Primary Browser | L8: Candidate
A9: RS-0006 | B9: System | C9: Reset App State | D9: Reset does not log user out | E9: Logged in | F9: N/A | G9: 1. Reset | H9: User remains authenticated | I9: standard_user | J9: Primary Browser | L9: Candidate
A10: RS-0007 | B10: System | C10: Reset App State | D10: Reset effect persists across navigation | E10: State reset | F10: N/A | G10: 1. Navigate Products -> Cart | H10: Clean state remains | I10: standard_user | J10: Primary Browser | L10: Candidate
A11: RS-0008 | B11: UAT | C11: Reset App State | D11: User understands Reset App State effect | E11: Representative user with items in cart | F11: Task: reset app | G11: 1. Ask user to use reset 2. Observe resulting understanding | H11: User recognizes application selections were cleared | I11: Representative User | J11: Primary Browser | L11: No

Sheet Access Session Control - TC
A1: Access & Session Control Test Cases
A2: Module Code: AC
A3: Case ID | B3: Test Category | C3: Module | D3: Test Case / Scenario | E3: Preconditions | F3: Test Data | G3: Test Steps | H3: Expected Result | I3: Applicable User | J3: Browser Coverage | K3: Remarks | L3: Automation Candidate
A4: AC-0001 | B4: System | C4: Access & Session Control | D4: Unauthenticated access to /inventory.html is blocked | E4: Logged out | F4: /inventory.html | G4: 1. Navigate directly to /inventory.html | H4: Protected content is not usable; user is redirected or shown authentication error | I4: N/A | J4: Primary Browser | L4: Candidate
A5: AC-0002 | B5: System | C5: Access & Session Control | D5: Unauthenticated access to /cart.html is blocked | E5: Logged out | F5: /cart.html | G5: 1. Navigate directly to /cart.html | H5: Protected content is not usable; user is redirected or shown authentication error | I5: N/A | J5: Primary Browser | L5: Candidate
A6: AC-0003 | B6: System | C6: Access & Session Control | D6: Unauthenticated access to /checkout-step-one.html is blocked | E6: Logged out | F6: /checkout-step-one.html | G6: 1. Navigate directly to /checkout-step-one.html | H6: Protected content is not usable; user is redirected or shown authentication error | I6: N/A | J6: Primary Browser | L6: Candidate
A7: AC-0004 | B7: System | C7: Access & Session Control | D7: Unauthenticated access to /checkout-step-two.html is blocked | E7: Logged out | F7: /checkout-step-two.html | G7: 1. Navigate directly to /checkout-step-two.html | H7: Protected content is not usable; user is redirected or shown authentication error | I7: N/A | J7: Primary Browser | L7: Candidate
A8: AC-0005 | B8: System | C8: Access & Session Control | D8: Unauthenticated access to /checkout-complete.html is blocked | E8: Logged out | F8: /checkout-complete.html | G8: 1. Navigate directly to /checkout-complete.html | H8: Protected content is not usable; user is redirected or shown authentication error | I8: N/A | J8: Primary Browser | L8: Candidate
A9: AC-0006 | B9: System | C9: Access & Session Control | D9: Post-logout access to /inventory.html is blocked | E9: Login then logout | F9: /inventory.html | G9: 1. Logout 2. Navigate directly to /inventory.html | H9: Protected content is not restored without login | I9: N/A | J9: Primary Browser | L9: Candidate
A10: AC-0007 | B10: System | C10: Access & Session Control | D10: Post-logout access to /cart.html is blocked | E10: Login then logout | F10: /cart.html | G10: 1. Logout 2. Navigate directly to /cart.html | H10: Protected content is not restored without login | I10: N/A | J10: Primary Browser | L10: Candidate
A11: AC-0008 | B11: Integration | C11: Access & Session Control | D11: Authenticated refresh preserves valid session during active use | E11: Logged in | F11: N/A | G11: 1. Refresh inventory | H11: User remains authenticated according to current session policy | I11: standard_user | J11: Primary Browser | L11: Candidate
A12: AC-0009 | B12: Integration | C12: Access & Session Control | D12: Opening second tab follows same-session policy consistently | E12: Logged in | F12: Second tab | G12: 1. Open protected page in second tab | H12: Session behavior is consistent and no data leakage occurs | I12: standard_user | J12: Primary Browser | L12: Candidate
A13: AC-0010 | B13: Integration | C13: Access & Session Control | D13: Logout invalidates current session token/state | E13: Logged in | F13: N/A | G13: 1. Logout 2. Reuse prior page/session | H13: Authenticated operations are not accepted | I13: standard_user | J13: Primary Browser | L13: Candidate
A14: AC-0011 | B14: System | C14: Access & Session Control | D14: Idle session timeout is enforced | E14: Logged in and idle | F14: Wait policy duration | G14: 1. Leave session idle | H14: Session expires after defined inactivity policy and requires re-login | I14: standard_user | J14: Primary Browser | K14: Standard login/security expectation; included even if not explicitly implemented. | L14: Candidate
A15: AC-0012 | B15: System | C15: Access & Session Control | D15: Sensitive authenticated pages discourage browser caching after logout | E15: User logged out | F15: N/A | G15: 1. Use Back/Forward cache | H15: Protected content is not exposed as usable private state | I15: standard_user | J15: Primary Browser | K15: Standard login/security expectation; included even if not explicitly implemented. | L15: Candidate

Sheet Footer External Links - TC
A1: Footer & External Links Test Cases
A2: Module Code: FT
A3: Case ID | B3: Test Category | C3: Module | D3: Test Case / Scenario | E3: Preconditions | F3: Test Data | G3: Test Steps | H3: Expected Result | I3: Applicable User | J3: Browser Coverage | K3: Remarks | L3: Automation Candidate
A4: FT-0001 | B4: Unit | C4: Footer & External Links | D4: Twitter footer link is visible when present | E4: Logged in on Products page | F4: N/A | G4: 1. Inspect footer | H4: Twitter link/icon is visible or absence is recorded | I4: standard_user | J4: Primary Browser | L4: Candidate
A5: FT-0002 | B5: System | C5: Footer & External Links | D5: Twitter footer link opens intended destination | E5: Footer link present | F5: N/A | G5: 1. Click Twitter link | H5: Intended Twitter destination opens without breaking current app state | I5: standard_user | J5: Primary Browser | L5: Candidate
A6: FT-0003 | B6: Unit | C6: Footer & External Links | D6: Facebook footer link is visible when present | E6: Logged in on Products page | F6: N/A | G6: 1. Inspect footer | H6: Facebook link/icon is visible or absence is recorded | I6: standard_user | J6: Primary Browser | L6: Candidate
A7: FT-0004 | B7: System | C7: Footer & External Links | D7: Facebook footer link opens intended destination | E7: Footer link present | F7: N/A | G7: 1. Click Facebook link | H7: Intended Facebook destination opens without breaking current app state | I7: standard_user | J7: Primary Browser | L7: Candidate
A8: FT-0005 | B8: Unit | C8: Footer & External Links | D8: LinkedIn footer link is visible when present | E8: Logged in on Products page | F8: N/A | G8: 1. Inspect footer | H8: LinkedIn link/icon is visible or absence is recorded | I8: standard_user | J8: Primary Browser | L8: Candidate
A9: FT-0006 | B9: System | C9: Footer & External Links | D9: LinkedIn footer link opens intended destination | E9: Footer link present | F9: N/A | G9: 1. Click LinkedIn link | H9: Intended LinkedIn destination opens without breaking current app state | I9: standard_user | J9: Primary Browser | L9: Candidate
A10: FT-0007 | B10: Unit | C10: Footer & External Links | D10: Footer copyright text is visible | E10: Logged in | F10: N/A | G10: 1. Inspect footer | H10: Copyright text is readable | I10: standard_user | J10: Primary Browser | L10: Candidate

Sheet Interface Responsive - TC
A1: Interface / Responsive Test Cases
A2: Module Code: UX
A3: Case ID | B3: Test Category | C3: Module | D3: Test Case / Scenario | E3: Preconditions | F3: Test Data | G3: Test Steps | H3: Expected Result | I3: Applicable User | J3: Browser Coverage | K3: Remarks | L3: Automation Candidate
A4: UX-0001 | B4: System | C4: Interface / Responsive | D4: Login page remains usable at desktop width | E4: Relevant page/state available | F4: Chrome/Edge/Firefox/Opera representative viewport | G4: 1. Open target page 2. Resize/zoom/navigate as relevant | H4: Login controls are visible and aligned | I4: standard_user | J4: Representative Cross-Browser | L4: Candidate
A5: UX-0002 | B5: System | C5: Interface / Responsive | D5: Login page remains usable at narrow mobile width | E5: Relevant page/state available | F5: Chrome/Edge/Firefox/Opera representative viewport | G5: 1. Open target page 2. Resize/zoom/navigate as relevant | H5: Inputs/button stay within viewport | I5: standard_user | J5: Representative Cross-Browser | L5: Candidate
A6: UX-0003 | B6: System | C6: Interface / Responsive | D6: Products grid reflows without horizontal page overflow | E6: Relevant page/state available | F6: Chrome/Edge/Firefox/Opera representative viewport | G6: 1. Open target page 2. Resize/zoom/navigate as relevant | H6: Cards remain readable | I6: standard_user | J6: Representative Cross-Browser | L6: Candidate
A7: UX-0004 | B7: System | C7: Interface / Responsive | D7: Product card long text stays contained | E7: Relevant page/state available | F7: Chrome/Edge/Firefox/Opera representative viewport | G7: 1. Open target page 2. Resize/zoom/navigate as relevant | H7: Text does not overlap controls | I7: standard_user | J7: Representative Cross-Browser | L7: Candidate
A8: UX-0005 | B8: System | C8: Interface / Responsive | D8: Cart layout remains usable on mobile | E8: Relevant page/state available | F8: Chrome/Edge/Firefox/Opera representative viewport | G8: 1. Open target page 2. Resize/zoom/navigate as relevant | H8: Items/actions remain accessible | I8: standard_user | J8: Representative Cross-Browser | L8: Candidate
A9: UX-0006 | B9: System | C9: Interface / Responsive | D9: Checkout information form remains usable on mobile | E9: Relevant page/state available | F9: Chrome/Edge/Firefox/Opera representative viewport | G9: 1. Open target page 2. Resize/zoom/navigate as relevant | H9: Fields/buttons fit viewport | I9: standard_user | J9: Representative Cross-Browser | L9: Candidate
A10: UX-0007 | B10: System | C10: Interface / Responsive | D10: Checkout overview remains readable on mobile | E10: Relevant page/state available | F10: Chrome/Edge/Firefox/Opera representative viewport | G10: 1. Open target page 2. Resize/zoom/navigate as relevant | H10: Totals and items remain contained | I10: standard_user | J10: Representative Cross-Browser | L10: Candidate
A11: UX-0008 | B11: System | C11: Interface / Responsive | D11: Side menu remains operable on mobile | E11: Relevant page/state available | F11: Chrome/Edge/Firefox/Opera representative viewport | G11: 1. Open target page 2. Resize/zoom/navigate as relevant | H11: Menu items are reachable | I11: standard_user | J11: Representative Cross-Browser | L11: Candidate
A12: UX-0009 | B12: System | C12: Interface / Responsive | D12: Keyboard focus is visible on interactive controls | E12: Relevant page/state available | F12: Chrome/Edge/Firefox/Opera representative viewport | G12: 1. Open target page 2. Resize/zoom/navigate as relevant | H12: Focused controls have visible indication | I12: standard_user | J12: Representative Cross-Browser | L12: Candidate
A13: UX-0010 | B13: System | C13: Interface / Responsive | D13: Buttons do not overlap at 200% browser zoom | E13: Relevant page/state available | F13: Chrome/Edge/Firefox/Opera representative viewport | G13: 1. Open target page 2. Resize/zoom/navigate as relevant | H13: Core actions remain usable | I13: standard_user | J13: Representative Cross-Browser | L13: Candidate
A14: UX-0011 | B14: System | C14: Interface / Responsive | D14: Page supports narrow mobile viewport | E14: Relevant page/state available | F14: Chrome/Edge/Firefox/Opera representative viewport | G14: 1. Open target page 2. Resize/zoom/navigate as relevant | H14: No horizontal overflow at ~375px | I14: standard_user | J14: Representative Cross-Browser | L14: Candidate
A15: UX-0012 | B15: System | C15: Interface / Responsive | D15: Error messages are understandable | E15: Relevant page/state available | F15: Chrome/Edge/Firefox/Opera representative viewport | G15: 1. Open target page 2. Resize/zoom/navigate as relevant | H15: Messages describe problem without raw stack traces | I15: standard_user | J15: Representative Cross-Browser | L15: Candidate
... A19: UX-0016 | B19: UAT | C19: Interface / Responsive | D19: User completes purchase flow on desktop without assistance | E19: Representative user; relevant viewport | F19: Normal purchase task | G19: 1. Give task 2. Observe | H19: User completes with no blocking confusion | I19: Representative User | J19: Representative Cross-Browser | L19: No

Sheet Core Workflows - TC
A1: Core Workflows Test Cases
A2: Module Code: CW
A3: Case ID | B3: Test Category | C3: Module | D3: Test Case / Scenario | E3: Preconditions | F3: Test Data | G3: Test Steps | H3: Expected Result | I3: Applicable User | J3: Browser Coverage | K3: Remarks | L3: Automation Candidate
A4: CW-0001 | B4: System | C4: Core Workflows | D4: Successful standard purchase flow | E4: Site available; use standard_user | F4: standard_user | G4: 1. Login 2. Add one product 3. Open cart 4. Checkout 5. Enter valid info 6. Continue 7. Finish | H4: User reaches order completion page | I4: standard_user | J4: All Supported Browsers | L4: Candidate
A5: CW-0002 | B5: System | C5: Core Workflows | D5: Multi-item purchase flow | E5: Site available; use standard_user | F5: standard_user | G5: 1. Login 2. Add three products 3. Open cart 4. Checkout 5. Enter valid info 6. Finish | H5: All selected items appear in overview and order completes | I5: standard_user | J5: All Supported Browsers | L5: Candidate
A6: CW-0003 | B6: System | C6: Core Workflows | D6: Add then remove before checkout | E6: Site available; use standard_user | F6: standard_user | G6: 1. Login 2. Add two products 3. Remove one 4. Checkout remaining item | H6: Only remaining item is purchased | I6: standard_user | J6: Primary Browser | L6: Candidate
A7: CW-0004 | B7: System | C7: Core Workflows | D7: Product detail to cart to checkout | E7: Site available; use standard_user | F7: standard_user | G7: 1. Login 2. Open detail 3. Add item 4. Cart 5. Checkout 6. Finish | H7: Flow completes with selected product | I7: standard_user | J7: Primary Browser | L7: Candidate
A8: CW-0005 | B8: System | C8: Core Workflows | D8: Cancel checkout information and continue shopping | E8: Site available; use standard_user | F8: standard_user | G8: 1. Add item 2. Checkout 3. Cancel 4. Continue shopping | H8: User returns to shopping with cart state preserved | I8: standard_user | J8: Primary Browser | L8: Candidate
A9: CW-0006 | B9: System | C9: Core Workflows | D9: Cancel checkout overview then return to cart | E9: Site available; use standard_user | F9: standard_user | G9: 1. Reach overview 2. Cancel 3. Open cart | H9: Navigation is consistent and cart state follows defined policy | I9: standard_user | J9: Primary Browser | L9: Candidate
A10: CW-0007 | B10: System | C10: Core Workflows | D10: Sort then add cheapest product | E10: Site available; use standard_user | F10: standard_user | G10: 1. Sort low to high 2. Add first item 3. Open cart | H10: Cart contains selected cheapest item | I10: standard_user | J10: Primary Browser | L10: Candidate
A11: CW-0008 | B11: Integration | C11: Core Workflows | D11: Login success loads product listing | E11: Login + Inventory | F11: Valid credentials | G11: 1. Login | H11: Inventory module becomes available | I11: standard_user | J11: Primary Browser | L11: Candidate
A12: CW-0009 | B12: Integration | C12: Core Workflows | D12: Add from listing updates cart module | E12: Inventory + Cart | F12: One product | G12: 1. Add item 2. Open cart | H12: Same item appears in cart | I12: standard_user | J12: Primary Browser | L12: Candidate
A13: CW-0010 | B13: Integration | C13: Core Workflows | D13: Cart checkout passes item state to checkout info | E13: Cart + Checkout Information | F13: Items in cart | G13: 1. Click Checkout | H13: Checkout info opens with cart state preserved | I13: standard_user | J13: Primary Browser | L13: Candidate
A14: CW-0011 | B14: Integration | C14: Core Workflows | D14: Checkout info passes item state to overview | E14: Checkout Information + Overview | F14: Valid customer fields | G14: 1. Continue | H14: Overview includes same items | I14: standard_user | J14: Primary Browser | L14: Candidate
A15: CW-0012 | B15: Integration | C15: Core Workflows | D15: Overview finish passes to completion | E15: Overview + Completion | F15: Valid order state | G15: 1. Finish | H15: Completion page opens | I15: standard_user | J15: Primary Browser | L15: Candidate
... A18: CW-0015 | B18: UAT | C18: Core Workflows | D18: User cancels checkout and returns safely | E18: Representative user; standard_user account | F18: Begin checkout then cancel | G18: 1. Give task only 2. Observe 3. Record hesitation | H18: User understands resulting navigation | I18: Representative User | J18: Primary Browser | L18: No

Sheet Test Execution Log
A1: Test Execution Log
A2: Record only actual executions. Use one row per Case ID + Test User + Browser combination that was genuinely executed; do not pre-generate every possible combination.
A4: Execution ID | B4: Case ID | C4: Module | D4: Test User | E4: Browser | F4: Actual Result | G4: Status | H4: Related Defect ID | I4: Tester | J4: Execution Date | K4: Remarks
A5: =IF(B5="","","EXE-"&TEXT(ROW()-4,"0000"))
A6: =IF(B6="","","EXE-"&TEXT(ROW()-4,"0000"))
A7: =IF(B7="","","EXE-"&TEXT(ROW()-4,"0000"))
A8: =IF(B8="","","EXE-"&TEXT(ROW()-4,"0000"))
A9: =IF(B9="","","EXE-"&TEXT(ROW()-4,"0000"))
A10: =IF(B10="","","EXE-"&TEXT(ROW()-4,"0000"))
A11: =IF(B11="","","EXE-"&TEXT(ROW()-4,"0000"))
A12: =IF(B12="","","EXE-"&TEXT(ROW()-4,"0000"))
A13: =IF(B13="","","EXE-"&TEXT(ROW()-4,"0000"))
A14: =IF(B14="","","EXE-"&TEXT(ROW()-4,"0000"))
A15: =IF(B15="","","EXE-"&TEXT(ROW()-4,"0000"))
A16: =IF(B16="","","EXE-"&TEXT(ROW()-4,"0000"))
... A1004: =IF(B1004="","","EXE-"&TEXT(ROW()-4,"0000"))

Sheet Defect Summary
A1: SauceDemo Defect Summary | L1: Defect Metrics
A2: Log only observed and reproducible defects. A planned negative test or absent standard feature is not automatically a defect until execution confirms a reproducible mismatch. | L2: Total Logged | M2: =COUNTIF($B$5:$B$304,"<>") -> 0
L3: Open | M3: =COUNTIF($H$5:$H$304,"Open") -> 0
A4: Defect ID | B4: Title | C4: Module | D4: Related Test Case ID | E4: Test User | F4: Browser | G4: Severity | H4: Status | I4: Steps / Evidence | J4: Remarks | L4: In Progress | M4: =COUNTIF($H$5:$H$304,"In Progress") -> 0
A5: =IF(B5="","","DEF-"&TEXT(ROW()-4,"0000")) | L5: Resolved | M5: =COUNTIF($H$5:$H$304,"Resolved") -> 0
A6: =IF(B6="","","DEF-"&TEXT(ROW()-4,"0000")) | L6: Closed | M6: =COUNTIF($H$5:$H$304,"Closed") -> 0
A7: =IF(B7="","","DEF-"&TEXT(ROW()-4,"0000")) | L7: Critical | M7: =COUNTIF($G$5:$G$304,"Critical") -> 0
A8: =IF(B8="","","DEF-"&TEXT(ROW()-4,"0000")) | L8: High | M8: =COUNTIF($G$5:$G$304,"High") -> 0
A9: =IF(B9="","","DEF-"&TEXT(ROW()-4,"0000")) | L9: Medium | M9: =COUNTIF($G$5:$G$304,"Medium") -> 0
A10: =IF(B10="","","DEF-"&TEXT(ROW()-4,"0000"))
A11: =IF(B11="","","DEF-"&TEXT(ROW()-4,"0000"))
A12: =IF(B12="","","DEF-"&TEXT(ROW()-4,"0000"))
A13: =IF(B13="","","DEF-"&TEXT(ROW()-4,"0000"))
A14: =IF(B14="","","DEF-"&TEXT(ROW()-4,"0000"))
A15: =IF(B15="","","DEF-"&TEXT(ROW()-4,"0000"))
A16: =IF(B16="","","DEF-"&TEXT(ROW()-4,"0000"))
A17: =IF(B17="","","DEF-"&TEXT(ROW()-4,"0000"))
A18: =IF(B18="","","DEF-"&TEXT(ROW()-4,"0000"))
A19: =IF(B19="","","DEF-"&TEXT(ROW()-4,"0000"))
A20: =IF(B20="","","DEF-"&TEXT(ROW()-4,"0000"))
A21: =IF(B21="","","DEF-"&TEXT(ROW()-4,"0000"))
... A304: =IF(B304="","","DEF-"&TEXT(ROW()-4,"0000"))

Sheet Test Case Summary
A1: SauceDemo Test Case Summary
A2: Specification counts come from module sheets. Execution counts come only from actual rows in Test Execution Log; one case may have multiple executions under different users or browsers.
A4: Module | B4: Code | C4: Total Cases | D4: Unit | E4: Integration | F4: System | G4: UAT | H4: Standard Expectations | I4: Total Executions | J4: Passed Exec. | K4: Failed Exec. | L4: Blocked Exec. | M4: Open Defects
A5: Login & Session | B5: LG | C5: =COUNTIF('Login & Session - TC'!$A$4:$A$500,"<>") -> 40 | D5: =COUNTIF('Login & Session - TC'!$B$4:$B$500,"Unit") -> 19 | E5: =COUNTIF('Login & Session - TC'!$B$4:$B$500,"Integration") -> 0 | F5: =COUNTIF('Login & Session - TC'!$B$4:$B$500,"System") -> 20 | G5: =COUNTIF('Login & Session - TC'!$B$4:$B$500,"UAT") -> 1 | H5: =COUNTIF('Login & Session - TC'!$K$4:$K$500,"Standard feature expectation; may expose an absent capability in the current demo.")+COUNTIF('Login & Session - TC'!$K$4:$K$500,"Standard login/security expectation; included even if not explicitly implemented.") -> 8 | I5: =COUNTIF('Test Execution Log'!$C$5:$C$1004,"Login & Session") -> 0 | J5: =COUNTIFS('Test Execution Log'!$C$5:$C$1004,"Login & Session",'Test Execution Log'!$G$5:$G$1004,"Passed") -> 0 | K5: =COUNTIFS('Test Execution Log'!$C$5:$C$1004,"Login & Session",'Test Execution Log'!$G$5:$G$1004,"Failed") -> 0 | L5: =COUNTIFS('Test Execution Log'!$C$5:$C$1004,"Login & Session",'Test Execution Log'!$G$5:$G$1004,"Blocked") -> 0 | M5: =COUNTIFS('Defect Summary'!$C$5:$C$304,"Login & Session",'Defect Summary'!$H$5:$H$304,"<>Closed",'Defect Summary'!$B$5:$B$304,"<>") -> 0
A6: Product Listing | B6: PL | C6: =COUNTIF('Product Listing - TC'!$A$4:$A$500,"<>") -> 24 | D6: =COUNTIF('Product Listing - TC'!$B$4:$B$500,"Unit") -> 10 | E6: =COUNTIF('Product Listing - TC'!$B$4:$B$500,"Integration") -> 2 | F6: =COUNTIF('Product Listing - TC'!$B$4:$B$500,"System") -> 11 | G6: =COUNTIF('Product Listing - TC'!$B$4:$B$500,"UAT") -> 1 | H6: =COUNTIF('Product Listing - TC'!$K$4:$K$500,"Standard feature expectation; may expose an absent capability in the current demo.")+COUNTIF('Product Listing - TC'!$K$4:$K$500,"Standard login/security expectation; included even if not explicitly implemented.") -> 3 | I6: =COUNTIF('Test Execution Log'!$C$5:$C$1004,"Product Listing") -> 0 | J6: =COUNTIFS('Test Execution Log'!$C$5:$C$1004,"Product Listing",'Test Execution Log'!$G$5:$G$1004,"Passed") -> 0 | K6: =COUNTIFS('Test Execution Log'!$C$5:$C$1004,"Product Listing",'Test Execution Log'!$G$5:$G$1004,"Failed") -> 0 | L6: =COUNTIFS('Test Execution Log'!$C$5:$C$1004,"Product Listing",'Test Execution Log'!$G$5:$G$1004,"Blocked") -> 0 | M6: =COUNTIFS('Defect Summary'!$C$5:$C$304,"Product Listing",'Defect Summary'!$H$5:$H$304,"<>Closed",'Defect Summary'!$B$5:$B$304,"<>") -> 0
A7: Product Sorting | B7: PS | C7: =COUNTIF('Product Sorting - TC'!$A$4:$A$500,"<>") -> 14 | D7: =COUNTIF('Product Sorting - TC'!$B$4:$B$500,"Unit") -> 5 | E7: =COUNTIF('Product Sorting - TC'!$B$4:$B$500,"Integration") -> 3 | F7: =COUNTIF('Product Sorting - TC'!$B$4:$B$500,"System") -> 5 | G7: =COUNTIF('Product Sorting - TC'!$B$4:$B$500,"UAT") -> 1 | H7: =COUNTIF('Product Sorting - TC'!$K$4:$K$500,"Standard feature expectation; may expose an absent capability in the current demo.")+COUNTIF('Product Sorting - TC'!$K$4:$K$500,"Standard login/security expectation; included even if not explicitly implemented.") -> 0 | I7: =COUNTIF('Test Execution Log'!$C$5:$C$1004,"Product Sorting") -> 0 | J7: =COUNTIFS('Test Execution Log'!$C$5:$C$1004,"Product Sorting",'Test Execution Log'!$G$5:$G$1004,"Passed") -> 0 | K7: =COUNTIFS('Test Execution Log'!$C$5:$C$1004,"Product Sorting",'Test Execution Log'!$G$5:$G$1004,"Failed") -> 0 | L7: =COUNTIFS('Test Execution Log'!$C$5:$C$1004,"Product Sorting",'Test Execution Log'!$G$5:$G$1004,"Blocked") -> 0 | M7: =COUNTIFS('Defect Summary'!$C$5:$C$304,"Product Sorting",'Defect Summary'!$H$5:$H$304,"<>Closed",'Defect Summary'!$B$5:$B$304,"<>") -> 0
A8: Product Detail | B8: PD | C8: =COUNTIF('Product Detail - TC'!$A$4:$A$500,"<>") -> 16 | D8: =COUNTIF('Product Detail - TC'!$B$4:$B$500,"Unit") -> 6 | E8: =COUNTIF('Product Detail - TC'!$B$4:$B$500,"Integration") -> 4 | F8: =COUNTIF('Product Detail - TC'!$B$4:$B$500,"System") -> 5 | G8: =COUNTIF('Product Detail - TC'!$B$4:$B$500,"UAT") -> 1 | H8: =COUNTIF('Product Detail - TC'!$K$4:$K$500,"Standard feature expectation; may expose an absent capability in the current demo.")+COUNTIF('Product Detail - TC'!$K$4:$K$500,"Standard login/security expectation; included even if not explicitly implemented.") -> 1 | I8: =COUNTIF('Test Execution Log'!$C$5:$C$1004,"Product Detail") -> 0 | J8: =COUNTIFS('Test Execution Log'!$C$5:$C$1004,"Product Detail",'Test Execution Log'!$G$5:$G$1004,"Passed") -> 0 | K8: =COUNTIFS('Test Execution Log'!$C$5:$C$1004,"Product Detail",'Test Execution Log'!$G$5:$G$1004,"Failed") -> 0 | L8: =COUNTIFS('Test Execution Log'!$C$5:$C$1004,"Product Detail",'Test Execution Log'!$G$5:$G$1004,"Blocked") -> 0 | M8: =COUNTIFS('Defect Summary'!$C$5:$C$304,"Product Detail",'Defect Summary'!$H$5:$H$304,"<>Closed",'Defect Summary'!$B$5:$B$304,"<>") -> 0
A9: Cart | B9: CT | C9: =COUNTIF('Cart - TC'!$A$4:$A$500,"<>") -> 22 | D9: =COUNTIF('Cart - TC'!$B$4:$B$500,"Unit") -> 8 | E9: =COUNTIF('Cart - TC'!$B$4:$B$500,"Integration") -> 2 | F9: =COUNTIF('Cart - TC'!$B$4:$B$500,"System") -> 10 | G9: =COUNTIF('Cart - TC'!$B$4:$B$500,"UAT") -> 2 | H9: =COUNTIF('Cart - TC'!$K$4:$K$500,"Standard feature expectation; may expose an absent capability in the current demo.")+COUNTIF('Cart - TC'!$K$4:$K$500,"Standard login/security expectation; included even if not explicitly implemented.") -> 1 | I9: =COUNTIF('Test Execution Log'!$C$5:$C$1004,"Cart") -> 0 | J9: =COUNTIFS('Test Execution Log'!$C$5:$C$1004,"Cart",'Test Execution Log'!$G$5:$G$1004,"Passed") -> 0 | K9: =COUNTIFS('Test Execution Log'!$C$5:$C$1004,"Cart",'Test Execution Log'!$G$5:$G$1004,"Failed") -> 0 | L9: =COUNTIFS('Test Execution Log'!$C$5:$C$1004,"Cart",'Test Execution Log'!$G$5:$G$1004,"Blocked") -> 0 | M9: =COUNTIFS('Defect Summary'!$C$5:$C$304,"Cart",'Defect Summary'!$H$5:$H$304,"<>Closed",'Defect Summary'!$B$5:$B$304,"<>") -> 0
A10: Checkout Information | B10: CI | C10: =COUNTIF('Checkout Information - TC'!$A$4:$A$500,"<>") -> 27 | D10: =COUNTIF('Checkout Information - TC'!$B$4:$B$500,"Unit") -> 17 | E10: =COUNTIF('Checkout Information - TC'!$B$4:$B$500,"Integration") -> 2 | F10: =COUNTIF('Checkout Information - TC'!$B$4:$B$500,"System") -> 7 | G10: =COUNTIF('Checkout Information - TC'!$B$4:$B$500,"UAT") -> 1 | H10: =COUNTIF('Checkout Information - TC'!$K$4:$K$500,"Standard feature expectation; may expose an absent capability in the current demo.")+COUNTIF('Checkout Information - TC'!$K$4:$K$500,"Standard login/security expectation; included even if not explicitly implemented.") -> 2 | I10: =COUNTIF('Test Execution Log'!$C$5:$C$1004,"Checkout Information") -> 0 | J10: =COUNTIFS('Test Execution Log'!$C$5:$C$1004,"Checkout Information",'Test Execution Log'!$G$5:$G$1004,"Passed") -> 0 | K10: =COUNTIFS('Test Execution Log'!$C$5:$C$1004,"Checkout Information",'Test Execution Log'!$G$5:$G$1004,"Failed") -> 0 | L10: =COUNTIFS('Test Execution Log'!$C$5:$C$1004,"Checkout Information",'Test Execution Log'!$G$5:$G$1004,"Blocked") -> 0 | M10: =COUNTIFS('Defect Summary'!$C$5:$C$304,"Checkout Information",'Defect Summary'!$H$5:$H$304,"<>Closed",'Defect Summary'!$B$5:$B$304,"<>") -> 0
A11: Checkout Overview | B11: CO | C11: =COUNTIF('Checkout Overview - TC'!$A$4:$A$500,"<>") -> 17 | D11: =COUNTIF('Checkout Overview - TC'!$B$4:$B$500,"Unit") -> 12 | E11: =COUNTIF('Checkout Overview - TC'!$B$4:$B$500,"Integration") -> 0 | F11: =COUNTIF('Checkout Overview - TC'!$B$4:$B$500,"System") -> 3 | G11: =COUNTIF('Checkout Overview - TC'!$B$4:$B$500,"UAT") -> 2 | H11: =COUNTIF('Checkout Overview - TC'!$K$4:$K$500,"Standard feature expectation; may expose an absent capability in the current demo.")+COUNTIF('Checkout Overview - TC'!$K$4:$K$500,"Standard login/security expectation; included even if not explicitly implemented.") -> 0 | I11: =COUNTIF('Test Execution Log'!$C$5:$C$1004,"Checkout Overview") -> 0 | J11: =COUNTIFS('Test Execution Log'!$C$5:$C$1004,"Checkout Overview",'Test Execution Log'!$G$5:$G$1004,"Passed") -> 0 | K11: =COUNTIFS('Test Execution Log'!$C$5:$C$1004,"Checkout Overview",'Test Execution Log'!$G$5:$G$1004,"Failed") -> 0 | L11: =COUNTIFS('Test Execution Log'!$C$5:$C$1004,"Checkout Overview",'Test Execution Log'!$G$5:$G$1004,"Blocked") -> 0 | M11: =COUNTIFS('Defect Summary'!$C$5:$C$304,"Checkout Overview",'Defect Summary'!$H$5:$H$304,"<>Closed",'Defect Summary'!$B$5:$B$304,"<>") -> 0
A12: Order Completion | B12: OC | C12: =COUNTIF('Order Completion - TC'!$A$4:$A$500,"<>") -> 9 | D12: =COUNTIF('Order Completion - TC'!$B$4:$B$500,"Unit") -> 3 | E12: =COUNTIF('Order Completion - TC'!$B$4:$B$500,"Integration") -> 0 | F12: =COUNTIF('Order Completion - TC'!$B$4:$B$500,"System") -> 5 | G12: =COUNTIF('Order Completion - TC'!$B$4:$B$500,"UAT") -> 1 | H12: =COUNTIF('Order Completion - TC'!$K$4:$K$500,"Standard feature expectation; may expose an absent capability in the current demo.")+COUNTIF('Order Completion - TC'!$K$4:$K$500,"Standard login/security expectation; included even if not explicitly implemented.") -> 0 | I12: =COUNTIF('Test Execution Log'!$C$5:$C$1004,"Order Completion") -> 0 | J12: =COUNTIFS('Test Execution Log'!$C$5:$C$1004,"Order Completion",'Test Execution Log'!$G$5:$G$1004,"Passed") -> 0 | K12: =COUNTIFS('Test Execution Log'!$C$5:$C$1004,"Order Completion",'Test Execution Log'!$G$5:$G$1004,"Failed") -> 0 | L12: =COUNTIFS('Test Execution Log'!$C$5:$C$1004,"Order Completion",'Test Execution Log'!$G$5:$G$1004,"Blocked") -> 0 | M12: =COUNTIFS('Defect Summary'!$C$5:$C$304,"Order Completion",'Defect Summary'!$H$5:$H$304,"<>Closed",'Defect Summary'!$B$5:$B$304,"<>") -> 0
A13: Menu & Navigation | B13: MN | C13: =COUNTIF('Menu Navigation - TC'!$A$4:$A$500,"<>") -> 12 | D13: =COUNTIF('Menu Navigation - TC'!$B$4:$B$500,"Unit") -> 7 | E13: =COUNTIF('Menu Navigation - TC'!$B$4:$B$500,"Integration") -> 4 | F13: =COUNTIF('Menu Navigation - TC'!$B$4:$B$500,"System") -> 0 | G13: =COUNTIF('Menu Navigation - TC'!$B$4:$B$500,"UAT") -> 1 | H13: =COUNTIF('Menu Navigation - TC'!$K$4:$K$500,"Standard feature expectation; may expose an absent capability in the current demo.")+COUNTIF('Menu Navigation - TC'!$K$4:$K$500,"Standard login/security expectation; included even if not explicitly implemented.") -> 0 | I13: =COUNTIF('Test Execution Log'!$C$5:$C$1004,"Menu & Navigation") -> 0 | J13: =COUNTIFS('Test Execution Log'!$C$5:$C$1004,"Menu & Navigation",'Test Execution Log'!$G$5:$G$1004,"Passed") -> 0 | K13: =COUNTIFS('Test Execution Log'!$C$5:$C$1004,"Menu & Navigation",'Test Execution Log'!$G$5:$G$1004,"Failed") -> 0 | L13: =COUNTIFS('Test Execution Log'!$C$5:$C$1004,"Menu & Navigation",'Test Execution Log'!$G$5:$G$1004,"Blocked") -> 0 | M13: =COUNTIFS('Defect Summary'!$C$5:$C$304,"Menu & Navigation",'Defect Summary'!$H$5:$H$304,"<>Closed",'Defect Summary'!$B$5:$B$304,"<>") -> 0
A14: Reset App State | B14: RS | C14: =COUNTIF('Reset App State - TC'!$A$4:$A$500,"<>") -> 8 | D14: =COUNTIF('Reset App State - TC'!$B$4:$B$500,"Unit") -> 0 | E14: =COUNTIF('Reset App State - TC'!$B$4:$B$500,"Integration") -> 0 | F14: =COUNTIF('Reset App State - TC'!$B$4:$B$500,"System") -> 7 | G14: =COUNTIF('Reset App State - TC'!$B$4:$B$500,"UAT") -> 1 | H14: =COUNTIF('Reset App State - TC'!$K$4:$K$500,"Standard feature expectation; may expose an absent capability in the current demo.")+COUNTIF('Reset App State - TC'!$K$4:$K$500,"Standard login/security expectation; included even if not explicitly implemented.") -> 0 | I14: =COUNTIF('Test Execution Log'!$C$5:$C$1004,"Reset App State") -> 0 | J14: =COUNTIFS('Test Execution Log'!$C$5:$C$1004,"Reset App State",'Test Execution Log'!$G$5:$G$1004,"Passed") -> 0 | K14: =COUNTIFS('Test Execution Log'!$C$5:$C$1004,"Reset App State",'Test Execution Log'!$G$5:$G$1004,"Failed") -> 0 | L14: =COUNTIFS('Test Execution Log'!$C$5:$C$1004,"Reset App State",'Test Execution Log'!$G$5:$G$1004,"Blocked") -> 0 | M14: =COUNTIFS('Defect Summary'!$C$5:$C$304,"Reset App State",'Defect Summary'!$H$5:$H$304,"<>Closed",'Defect Summary'!$B$5:$B$304,"<>") -> 0
A15: Access & Session Control | B15: AC | C15: =COUNTIF('Access Session Control - TC'!$A$4:$A$500,"<>") -> 12 | D15: =COUNTIF('Access Session Control - TC'!$B$4:$B$500,"Unit") -> 0 | E15: =COUNTIF('Access Session Control - TC'!$B$4:$B$500,"Integration") -> 3 | F15: =COUNTIF('Access Session Control - TC'!$B$4:$B$500,"System") -> 9 | G15: =COUNTIF('Access Session Control - TC'!$B$4:$B$500,"UAT") -> 0 | H15: =COUNTIF('Access Session Control - TC'!$K$4:$K$500,"Standard feature expectation; may expose an absent capability in the current demo.")+COUNTIF('Access Session Control - TC'!$K$4:$K$500,"Standard login/security expectation; included even if not explicitly implemented.") -> 2 | I15: =COUNTIF('Test Execution Log'!$C$5:$C$1004,"Access & Session Control") -> 0 | J15: =COUNTIFS('Test Execution Log'!$C$5:$C$1004,"Access & Session Control",'Test Execution Log'!$G$5:$G$1004,"Passed") -> 0 | K15: =COUNTIFS('Test Execution Log'!$C$5:$C$1004,"Access & Session Control",'Test Execution Log'!$G$5:$G$1004,"Failed") -> 0 | L15: =COUNTIFS('Test Execution Log'!$C$5:$C$1004,"Access & Session Control",'Test Execution Log'!$G$5:$G$1004,"Blocked") -> 0 | M15: =COUNTIFS('Defect Summary'!$C$5:$C$304,"Access & Session Control",'Defect Summary'!$H$5:$H$304,"<>Closed",'Defect Summary'!$B$5:$B$304,"<>") -> 0
A16: Footer & External Links | B16: FT | C16: =COUNTIF('Footer External Links - TC'!$A$4:$A$500,"<>") -> 7 | D16: =COUNTIF('Footer External Links - TC'!$B$4:$B$500,"Unit") -> 4 | E16: =COUNTIF('Footer External Links - TC'!$B$4:$B$500,"Integration") -> 0 | F16: =COUNTIF('Footer External Links - TC'!$B$4:$B$500,"System") -> 3 | G16: =COUNTIF('Footer External Links - TC'!$B$4:$B$500,"UAT") -> 0 | H16: =COUNTIF('Footer External Links - TC'!$K$4:$K$500,"Standard feature expectation; may expose an absent capability in the current demo.")+COUNTIF('Footer External Links - TC'!$K$4:$K$500,"Standard login/security expectation; included even if not explicitly implemented.") -> 0 | I16: =COUNTIF('Test Execution Log'!$C$5:$C$1004,"Footer & External Links") -> 0 | J16: =COUNTIFS('Test Execution Log'!$C$5:$C$1004,"Footer & External Links",'Test Execution Log'!$G$5:$G$1004,"Passed") -> 0 | K16: =COUNTIFS('Test Execution Log'!$C$5:$C$1004,"Footer & External Links",'Test Execution Log'!$G$5:$G$1004,"Failed") -> 0 | L16: =COUNTIFS('Test Execution Log'!$C$5:$C$1004,"Footer & External Links",'Test Execution Log'!$G$5:$G$1004,"Blocked") -> 0 | M16: =COUNTIFS('Defect Summary'!$C$5:$C$304,"Footer & External Links",'Defect Summary'!$H$5:$H$304,"<>Closed",'Defect Summary'!$B$5:$B$304,"<>") -> 0
A17: Interface / Responsive | B17: UX | C17: =COUNTIF('Interface Responsive - TC'!$A$4:$A$500,"<>") -> 16 | D17: =COUNTIF('Interface Responsive - TC'!$B$4:$B$500,"Unit") -> 1 | E17: =COUNTIF('Interface Responsive - TC'!$B$4:$B$500,"Integration") -> 0 | F17: =COUNTIF('Interface Responsive - TC'!$B$4:$B$500,"System") -> 14 | G17: =COUNTIF('Interface Responsive - TC'!$B$4:$B$500,"UAT") -> 1 | H17: =COUNTIF('Interface Responsive - TC'!$K$4:$K$500,"Standard feature expectation; may expose an absent capability in the current demo.")+COUNTIF('Interface Responsive - TC'!$K$4:$K$500,"Standard login/security expectation; included even if not explicitly implemented.") -> 0 | I17: =COUNTIF('Test Execution Log'!$C$5:$C$1004,"Interface / Responsive") -> 0 | J17: =COUNTIFS('Test Execution Log'!$C$5:$C$1004,"Interface / Responsive",'Test Execution Log'!$G$5:$G$1004,"Passed") -> 0 | K17: =COUNTIFS('Test Execution Log'!$C$5:$C$1004,"Interface / Responsive",'Test Execution Log'!$G$5:$G$1004,"Failed") -> 0 | L17: =COUNTIFS('Test Execution Log'!$C$5:$C$1004,"Interface / Responsive",'Test Execution Log'!$G$5:$G$1004,"Blocked") -> 0 | M17: =COUNTIFS('Defect Summary'!$C$5:$C$304,"Interface / Responsive",'Defect Summary'!$H$5:$H$304,"<>Closed",'Defect Summary'!$B$5:$B$304,"<>") -> 0
A18: Core Workflows | B18: CW | C18: =COUNTIF('Core Workflows - TC'!$A$4:$A$500,"<>") -> 15 | D18: =COUNTIF('Core Workflows - TC'!$B$4:$B$500,"Unit") -> 0 | E18: =COUNTIF('Core Workflows - TC'!$B$4:$B$500,"Integration") -> 6 | F18: =COUNTIF('Core Workflows - TC'!$B$4:$B$500,"System") -> 7 | G18: =COUNTIF('Core Workflows - TC'!$B$4:$B$500,"UAT") -> 2 | H18: =COUNTIF('Core Workflows - TC'!$K$4:$K$500,"Standard feature expectation; may expose an absent capability in the current demo.")+COUNTIF('Core Workflows - TC'!$K$4:$K$500,"Standard login/security expectation; included even if not explicitly implemented.") -> 0 | I18: =COUNTIF('Test Execution Log'!$C$5:$C$1004,"Core Workflows") -> 0 | J18: =COUNTIFS('Test Execution Log'!$C$5:$C$1004,"Core Workflows",'Test Execution Log'!$G$5:$G$1004,"Passed") -> 0 | K18: =COUNTIFS('Test Execution Log'!$C$5:$C$1004,"Core Workflows",'Test Execution Log'!$G$5:$G$1004,"Failed") -> 0 | L18: =COUNTIFS('Test Execution Log'!$C$5:$C$1004,"Core Workflows",'Test Execution Log'!$G$5:$G$1004,"Blocked") -> 0 | M18: =COUNTIFS('Defect Summary'!$C$5:$C$304,"Core Workflows",'Defect Summary'!$H$5:$H$304,"<>Closed",'Defect Summary'!$B$5:$B$304,"<>") -> 0
A19: TOTAL | C19: =SUM(C5:C18) -> 239 | D19: =SUM(D5:D18) -> 92 | E19: =SUM(E5:E18) -> 26 | F19: =SUM(F5:F18) -> 106 | G19: =SUM(G5:G18) -> 15 | H19: =SUM(H5:H18) -> 17 | I19: =SUM(I5:I18) -> 0 | J19: =SUM(J5:J18) -> 0 | ... M19: =SUM(M5:M18) -> 0

Sheet Workbook Manual
A1: SauceDemo Test Workbook Manual
A2: Quick guide for navigating test specifications, planning applicability, recording actual executions, and logging defects.
A4: Section | B4: Purpose | C4: How to Use | D4: Important Caveat
A5: Document Summary | B5: High-level workbook context, testing categories, scope boundaries, and module code legend. | C5: Read first to understand the committed test set and execution architecture. | D5: The workbook separates test specification from test execution.
A6: Sources & Assumptions | B6: Explains references, baseline assumptions, special-user handling, and the standard-expectation rule. | C6: Consult this sheet when a case seems to cover a special account or a feature not currently present. | D6: Live behavior must still be confirmed during execution.
A7: Module Test Case Sheets | B7: Contain the test specifications grouped by functionality. | C7: Use the module sheets to understand what should be tested, with what data, and what result is expected. | D7: Do not record Actual Result or Status here; execution evidence belongs in Test Execution Log.
A8: Test Category | B8: Classifies each case as Unit, Integration, System, or UAT. | C8: Use the assigned category unless the test design itself is formally changed. | D8: Category describes what is validated, not which tool or browser is used.
A9: Applicable User | B9: Plans which SauceDemo account or user scope is relevant to the case. | C9: Use the listed account, Representative User, Multiple Relevant Users, All Applicable Users, or N/A. | D9: Applicability is planning metadata; it does not create execution rows automatically.
A10: Browser Coverage | B10: Plans the intended breadth of browser execution. | C10: Use Primary Browser, All Supported Browsers, Representative Cross-Browser, Browser-Specific, or N/A. | D10: A coverage label does not mean every test must be multiplied across all browsers.
A11: Test Execution Log | B11: Stores actual test runs and is the authoritative source for Actual Result and Status. | C11: Add one row only when a Case ID is genuinely executed under a specific Test User and Browser. | D11: Do not pre-generate all Case ID × Test User × Browser combinations.
A12: Execution Identity | B12: Distinguishes repeat runs of the same specification. | C12: Treat each actual run as Case ID + Test User + Browser, with its own result and status. | D12: One Case ID may have multiple executions, but only when relevant and actually performed.
A13: Test User | B13: Identifies the SauceDemo account used during an execution. | C13: Choose standard_user, locked_out_user, problem_user, performance_glitch_user, error_user, visual_user, or another listed scope value. | D13: Use N/A when account selection is irrelevant.
A14: Browser | B14: Identifies the browser used for an actual execution. | C14: Choose Chrome, Edge, Firefox, Opera, or N/A. | D14: Use N/A only when browser context genuinely does not apply.
A15: Standard Expectation Cases | B15: Tests tightly related common functionality even when absent from the current demo. | C15: Look for Remarks marked as Standard feature expectation or Standard login/security expectation. | D15: Examples include Remember Me, Forgot Password, rate limiting, field limits, product search, and quantity controls.
... A20: Automation Candidate | B20: Indicates whether a case may be suitable for automation. | C20: Use Yes, No, or Candidate. | D20: This is planning metadata and does not claim that automation already exists.
A22: SauceDemo Test User Quick Reference
A23: Test User | B23: Primary Testing Role | C23: Typical Use | D23: Notes
A24: standard_user | B24: Happy-path baseline | C24: Normal login, catalog, cart, checkout, and core workflows | D24: Primary expected-behavior reference.
A25: locked_out_user | B25: Access restriction | C25: Login rejection and error handling | D25: Expected behavior differs intentionally from standard_user.
A26: problem_user | B26: Functional anomaly persona | C26: Targeted product/detail/cart/checkout comparisons | D26: Execute only relevant cases; record exact deviations.
A27: performance_glitch_user | B27: Performance anomaly persona | C27: Login and representative workflow timing/feedback | D27: Do not multiply every case across this account.
A28: error_user | B28: Error anomaly persona | C28: Targeted workflows likely to expose error behavior | D28: Capture reproducible failures and evidence.
A29: visual_user | B29: Visual anomaly persona | C29: UI, responsive, layout, and visual comparison cases | D29: Use screenshots where practical.
A30: Representative User | B30: UAT participant scope | C30: Usability and task-completion cases | D30: Not necessarily a SauceDemo credential identity.
A31: N/A | B31: Non-account-specific scope | C31: Pre-login checks or cases where account choice is irrelevant | D31: Use only when account selection genuinely does not apply.
A33: Browser Coverage Quick Reference
A34: Coverage | B34: Meaning | C34: Typical Use | D34: Execution Guidance
A35: Primary Browser | B35: Execute primarily in the team's chosen baseline browser | C35: Most field, functional, and targeted special-user cases | D35: Repeat elsewhere only when risk or failure justifies it.
A36: All Supported Browsers | B36: Execute in Chrome, Edge, Firefox, and Opera | C36: Critical login or purchase flows | D36: Creates multiple execution rows only for those actual runs.
A37: Representative Cross-Browser | B37: Use a selected browser sample appropriate to the risk | C37: Responsive, visual, compatibility-sensitive cases | D37: Does not require all browsers for every case.
A38: Browser-Specific | B38: Run in the browser directly relevant to the scenario | C38: Known or suspected browser-specific behavior | D38: Record only the targeted browser run(s).
A39: N/A | B39: Browser context does not apply | C39: Rare non-browser-specific planning cases | D39: Use sparingly for this web application.
